{"type":"FeatureCollection","name":"NTA GTFS stops","metadata":{"publisher":"National Transport Authority","source":"https://www.transportforireland.ie/transitData/Data/GTFS_All.zip","license":"CC BY 4.0","feed_start_date":"20260924","feed_end_date":"20270924","feed_version":"E7D32E4B-0A93-4112-BFB7-A1401D8EF9A1"},"features":[{"type":"Feature","id":"8220B106421","properties":{"stop_id":"8220B106421","stop_name":"3Arena","mode":"Bus","modes":"Bus","routes":"193 · 194 · 735 · 736 · 100X · 101X · 109A · GD02","route_count":8,"wheelchair":"Accessible boarding listed"},"geometry":{"type":"Point","coordinates":[-6.229431,53.346899]}},{"type":"Feature","id":"843000023","properties":{"stop_id":"843000023","stop_name":"Abbey Cres","mode":"Bus","modes":"Bus","routes":"855","route_count":1,"wheelchair":"Accessible boarding listed"},"geometry":{"type":"Point","coordinates":[-7.932561,52.384142]}},{"type":"Feature","id":"843000024","properties":{"stop_id":"843000024","stop_name":"Abbey Cres","mode":"Bus","modes":"Bus","routes":"855","route_count":1,"wheelchair":"Accessible boarding listed"},"geometry":{"type":"Point","coordinates":[-7.9324,52.3842]}},{"type":"Feature","id":"8240DB007551","properties":{"stop_id":"8240DB007551","stop_name":"Abbey Park","mode":"Bus","modes":"Bus","routes":"H1","route_count":1,"wheelchair":"Accessible boarding listed"},"geometry":{"type":"Point","coordinates":[-6.1432,53.39716]}},{"type":"Feature","id":"8250DB002025","properties":{"stop_id":"8250DB002025","stop_name":"Abbey Park","mode":"Bus","modes":"Bus","routes":"7B · 7D · L27","route_count":3,"wheelchair":"Accessible boarding listed"},"geometry":{"type":"Point","coordinates":[-6.160535,53.284904]}},{"type":"Feature","id":"8250DB002053","properties":{"stop_id":"8250DB002053","stop_name":"Abbey Park","mode":"Bus","modes":"Bus","routes":"7B · 7D · L27","route_count":3,"wheelchair":"Accessible boarding listed"},"geometry":{"type":"Point","coordinates":[-6.160298,53.284846]}},{"type":"Feature","id":"827000012","properties":{"stop_id":"827000012","stop_name":"Abbey Pk","mode":"Bus","modes":"Bus","routes":"607","route_count":1,"wheelchair":"Not listed as accessible"},"geometry":{"type":"Point","coordinates":[-7.08128,52.26214]}},{"type":"Feature","id":"8310B138461","properties":{"stop_id":"8310B138461","stop_name":"Abbey Rd","mode":"Bus","modes":"Bus","routes":"NV1 · NV2","route_count":2,"wheelchair":"Accessible boarding listed"},"geometry":{"type":"Point","coordinates":[-6.68412,53.654438]}},{"type":"Feature","id":"8250DB002023","properties":{"stop_id":"8250DB002023","stop_name":"Abbey Road","mode":"Bus","modes":"Bus","routes":"7B · 7D · L27","route_count":3,"wheelchair":"Accessible boarding listed"},"geometry":{"type":"Point","coordinates":[-6.15829093095019,53.2812918182668]}},{"type":"Feature","id":"8220000150","properties":{"stop_id":"8220000150","stop_name":"Abbey St","mode":"Bus","modes":"Bus","routes":"980 · 980A · 980B","route_count":3,"wheelchair":"Accessible boarding listed"},"geometry":{"type":"Point","coordinates":[-6.258961,53.348562]}},{"type":"Feature","id":"8220DB000289","properties":{"stop_id":"8220DB000289","stop_name":"Abbey St","mode":"Bus","modes":"Bus","routes":"130","route_count":1,"wheelchair":"Accessible boarding listed"},"geometry":{"type":"Point","coordinates":[-6.256298,53.349035]}},{"type":"Feature","id":"8510B6313901","properties":{"stop_id":"8510B6313901","stop_name":"Abbey St","mode":"Bus","modes":"Bus","routes":"S1","route_count":1,"wheelchair":"Accessible boarding listed"},"geometry":{"type":"Point","coordinates":[-8.471233,54.27069]}},{"type":"Feature","id":"8220DB000292","properties":{"stop_id":"8220DB000292","stop_name":"Abbey St Lower","mode":"Bus","modes":"Bus","routes":"33 · 33E","route_count":2,"wheelchair":"Not listed as accessible"},"geometry":{"type":"Point","coordinates":[-6.255255,53.3492]}},{"type":"Feature","id":"8220DB007591","properties":{"stop_id":"8220DB007591","stop_name":"Abbey St Lower","mode":"Bus","modes":"Bus","routes":"6 · H1 · H2 · H3","route_count":4,"wheelchair":"Accessible boarding listed"},"geometry":{"type":"Point","coordinates":[-6.25683,53.34889]}},{"type":"Feature","id":"8220GA00408","properties":{"stop_id":"8220GA00408","stop_name":"Abbey St.","mode":"Tram","modes":"Tram","routes":"Red","route_count":1,"wheelchair":"Accessibility not listed"},"geometry":{"type":"Point","coordinates":[-6.25845,53.348504]}},{"type":"Feature","id":"8220GA00409","properties":{"stop_id":"8220GA00409","stop_name":"Abbey St.","mode":"Tram","modes":"Tram","routes":"Red","route_count":1,"wheelchair":"Accessibility not listed"},"geometry":{"type":"Point","coordinates":[-6.258494272,53.34859089]}},{"type":"Feature","id":"8240DB000559","properties":{"stop_id":"8240DB000559","stop_name":"Abbey Street Howth","mode":"Bus","modes":"Bus","routes":"6 · H3","route_count":2,"wheelchair":"Accessible boarding listed"},"geometry":{"type":"Point","coordinates":[-6.065085,53.388351]}},{"type":"Feature","id":"831000025","properties":{"stop_id":"831000025","stop_name":"Abbey Vw","mode":"Bus","modes":"Bus","routes":"DK03","route_count":1,"wheelchair":"Not listed as accessible"},"geometry":{"type":"Point","coordinates":[-6.538605,53.713243]}},{"type":"Feature","id":"8310PB14651","properties":{"stop_id":"8310PB14651","stop_name":"Abbey Vw","mode":"Bus","modes":"Bus","routes":"DK03","route_count":1,"wheelchair":"Not listed as accessible"},"geometry":{"type":"Point","coordinates":[-6.540037,53.71287]}},{"type":"Feature","id":"8380B245041","properties":{"stop_id":"8380B245041","stop_name":"Abbey Vw","mode":"Bus","modes":"Bus","routes":"220","route_count":1,"wheelchair":"Accessible boarding listed"},"geometry":{"type":"Point","coordinates":[-8.40089,51.811141]}},{"type":"Feature","id":"8380B237261","properties":{"stop_id":"8380B237261","stop_name":"Abbey Wd","mode":"Bus","modes":"Bus","routes":"240 · 241","route_count":2,"wheelchair":"Accessible boarding listed"},"geometry":{"type":"Point","coordinates":[-8.193634,51.91229]}},{"type":"Feature","id":"8380B237491","properties":{"stop_id":"8380B237491","stop_name":"Abbey Wd","mode":"Bus","modes":"Bus","routes":"241","route_count":1,"wheelchair":"Accessible boarding listed"},"geometry":{"type":"Point","coordinates":[-8.194361,51.912163]}},{"type":"Feature","id":"8390B345741","properties":{"stop_id":"8390B345741","stop_name":"Abbeydorney","mode":"Bus","modes":"Bus","routes":"272","route_count":1,"wheelchair":"Accessible boarding listed"},"geometry":{"type":"Point","coordinates":[-9.68715,52.345519]}},{"type":"Feature","id":"8390B6363501","properties":{"stop_id":"8390B6363501","stop_name":"Abbeydorney","mode":"Bus","modes":"Bus","routes":"272","route_count":1,"wheelchair":"Accessible boarding listed"},"geometry":{"type":"Point","coordinates":[-9.687296,52.345499]}},{"type":"Feature","id":"8410B335731","properties":{"stop_id":"8410B335731","stop_name":"Abbeyfeale","mode":"Bus","modes":"Bus","routes":"13 · 14 · 300 · 722","route_count":4,"wheelchair":"Accessible boarding listed"},"geometry":{"type":"Point","coordinates":[-9.29541,52.386581]}},{"type":"Feature","id":"8410B6356601","properties":{"stop_id":"8410B6356601","stop_name":"Abbeyfeale","mode":"Bus","modes":"Bus","routes":"13 · 14 · 271 · 300 · 722","route_count":5,"wheelchair":"Accessible boarding listed"},"geometry":{"type":"Point","coordinates":[-9.2951,52.386549]}},{"type":"Feature","id":"8410B3357101","properties":{"stop_id":"8410B3357101","stop_name":"Abbeyfeale West","mode":"Bus","modes":"Bus","routes":"14 · 271","route_count":2,"wheelchair":"Accessible boarding listed"},"geometry":{"type":"Point","coordinates":[-9.305923,52.377917]}},{"type":"Feature","id":"8410B3357201","properties":{"stop_id":"8410B3357201","stop_name":"Abbeyfeale West","mode":"Bus","modes":"Bus","routes":"14","route_count":1,"wheelchair":"Accessible boarding listed"},"geometry":{"type":"Point","coordinates":[-9.306632,52.377568]}},{"type":"Feature","id":"8260DB005115","properties":{"stop_id":"8260DB005115","stop_name":"Abbeyfield","mode":"Bus","modes":"Bus","routes":"115 · 115C","route_count":2,"wheelchair":"Accessible boarding listed"},"geometry":{"type":"Point","coordinates":[-6.671162,53.403179]}},{"type":"Feature","id":"8260DB005117","properties":{"stop_id":"8260DB005117","stop_name":"Abbeyfield","mode":"Bus","modes":"Bus","routes":"115 · 115C","route_count":2,"wheelchair":"Accessible boarding listed"},"geometry":{"type":"Point","coordinates":[-6.673409,53.404444]}},{"type":"Feature","id":"847000226","properties":{"stop_id":"847000226","stop_name":"Abbeyknockmoy","mode":"Bus","modes":"Bus","routes":"433","route_count":1,"wheelchair":"Not listed as accessible"},"geometry":{"type":"Point","coordinates":[-8.74913,53.43706]}},{"type":"Feature","id":"8470B550011","properties":{"stop_id":"8470B550011","stop_name":"Abbeyknockmoy","mode":"Bus","modes":"Bus","routes":"425","route_count":1,"wheelchair":"Not listed as accessible"},"geometry":{"type":"Point","coordinates":[-8.748936,53.436983]}},{"type":"Feature","id":"8470B550441","properties":{"stop_id":"8470B550441","stop_name":"Abbeyknockmoy","mode":"Bus","modes":"Bus","routes":"425 · 433","route_count":2,"wheelchair":"Not listed as accessible"},"geometry":{"type":"Point","coordinates":[-8.748936,53.436983]}},{"type":"Feature","id":"8290B1049601","properties":{"stop_id":"8290B1049601","stop_name":"Abbeylara","mode":"Bus","modes":"Bus","routes":"111A","route_count":1,"wheelchair":"Not listed as accessible"},"geometry":{"type":"Point","coordinates":[-7.44896,53.765417]}},{"type":"Feature","id":"8290B1313701","properties":{"stop_id":"8290B1313701","stop_name":"Abbeylara","mode":"Bus","modes":"Bus","routes":"111A","route_count":1,"wheelchair":"Not listed as accessible"},"geometry":{"type":"Point","coordinates":[-7.448797,53.765182]}},{"type":"Feature","id":"8280B1523001","properties":{"stop_id":"8280B1523001","stop_name":"Abbeyleix","mode":"Bus","modes":"Bus","routes":"831 · 858 · 858a · 858b","route_count":4,"wheelchair":"Not listed as accessible"},"geometry":{"type":"Point","coordinates":[-7.34816,52.91467]}},{"type":"Feature","id":"8280B1523002","properties":{"stop_id":"8280B1523002","stop_name":"Abbeyleix","mode":"Bus","modes":"Bus","routes":"831 · 858 · 858a · 858b","route_count":4,"wheelchair":"Accessible boarding listed"},"geometry":{"type":"Point","coordinates":[-7.34827318344384,52.9148665696596]}},{"type":"Feature","id":"8280LL11243","properties":{"stop_id":"8280LL11243","stop_name":"Abbeyleix","mode":"Bus","modes":"Bus","routes":"822","route_count":1,"wheelchair":"Not listed as accessible"},"geometry":{"type":"Point","coordinates":[-7.3476895,52.9136]}},{"type":"Feature","id":"8280LL11244","properties":{"stop_id":"8280LL11244","stop_name":"Abbeyleix","mode":"Bus","modes":"Bus","routes":"822","route_count":1,"wheelchair":"Accessible boarding listed"},"geometry":{"type":"Point","coordinates":[-7.3477249,52.913517]}},{"type":"Feature","id":"8500LL14303","properties":{"stop_id":"8500LL14303","stop_name":"Abbeytown","mode":"Bus","modes":"Bus","routes":"570","route_count":1,"wheelchair":"Not listed as accessible"},"geometry":{"type":"Point","coordinates":[-8.29056,53.97464]}},{"type":"Feature","id":"8500LL14304","properties":{"stop_id":"8500LL14304","stop_name":"Abbeytown","mode":"Bus","modes":"Bus","routes":"570","route_count":1,"wheelchair":"Not listed as accessible"},"geometry":{"type":"Point","coordinates":[-8.29067,53.97469]}},{"type":"Feature","id":"8240DB004957","properties":{"stop_id":"8240DB004957","stop_name":"Abbeyvale","mode":"Bus","modes":"Bus","routes":"41 · 41C · 41X","route_count":3,"wheelchair":"Not listed as accessible"},"geometry":{"type":"Point","coordinates":[-6.250911,53.459626]}},{"type":"Feature","id":"8240DB003576","properties":{"stop_id":"8240DB003576","stop_name":"Abbeyville","mode":"Bus","modes":"Bus","routes":"42 · 43 · 42n · 102C","route_count":4,"wheelchair":"Not listed as accessible"},"geometry":{"type":"Point","coordinates":[-6.177947,53.429315]}},{"type":"Feature","id":"8240DB003661","properties":{"stop_id":"8240DB003661","stop_name":"Abbeyville","mode":"Bus","modes":"Bus","routes":"42 · 43 · 102C","route_count":3,"wheelchair":"Not listed as accessible"},"geometry":{"type":"Point","coordinates":[-6.17785,53.429134]}},{"type":"Feature","id":"8220DB001577","properties":{"stop_id":"8220DB001577","stop_name":"Abbottstown Road","mode":"Bus","modes":"Bus","routes":"N4 · 220 · 40D · 40E · 220A","route_count":5,"wheelchair":"Accessible boarding listed"},"geometry":{"type":"Point","coordinates":[-6.31574701686645,53.3898858080548]}},{"type":"Feature","id":"8220DB001584","properties":{"stop_id":"8220DB001584","stop_name":"Abbottstown Road","mode":"Bus","modes":"Bus","routes":"N4 · 220 · 40D · 40E · 220A","route_count":5,"wheelchair":"Accessible boarding listed"},"geometry":{"type":"Point","coordinates":[-6.315086,53.389885]}},{"type":"Feature","id":"8310B0189721","properties":{"stop_id":"8310B0189721","stop_name":"Academy Street","mode":"Bus","modes":"Bus","routes":"NX · 109","route_count":2,"wheelchair":"Accessible boarding listed"},"geometry":{"type":"Point","coordinates":[-6.68098,53.65]}},{"type":"Feature","id":"8260DB006160","properties":{"stop_id":"8260DB006160","stop_name":"Accommodation Road","mode":"Bus","modes":"Bus","routes":"52 · C5 · L59 · X25","route_count":4,"wheelchair":"Accessible boarding listed"},"geometry":{"type":"Point","coordinates":[-6.507734,53.365234]}},{"type":"Feature","id":"8260LL12220","properties":{"stop_id":"8260LL12220","stop_name":"ACDAL Ent Park","mode":"Bus","modes":"Bus","routes":"888","route_count":1,"wheelchair":"Not listed as accessible"},"geometry":{"type":"Point","coordinates":[-6.88333,53.28881]}},{"type":"Feature","id":"8220DB000043","properties":{"stop_id":"8220DB000043","stop_name":"Achill Road","mode":"Bus","modes":"Bus","routes":"19","route_count":1,"wheelchair":"Accessible boarding listed"},"geometry":{"type":"Point","coordinates":[-6.25390131043392,53.3738612202267]}},{"type":"Feature","id":"8510B5561001","properties":{"stop_id":"8510B5561001","stop_name":"Aclare","mode":"Bus","modes":"Bus","routes":"479","route_count":1,"wheelchair":"Not listed as accessible"},"geometry":{"type":"Point","coordinates":[-8.89953433533115,54.03628015267]}},{"type":"Feature","id":"8510B556231","properties":{"stop_id":"8510B556231","stop_name":"Aclare","mode":"Bus","modes":"Bus","routes":"479","route_count":1,"wheelchair":"Not listed as accessible"},"geometry":{"type":"Point","coordinates":[-8.899511,54.036223]}},{"type":"Feature","id":"8480LL10946","properties":{"stop_id":"8480LL10946","stop_name":"Acres Lake","mode":"Bus","modes":"Bus","routes":"567","route_count":1,"wheelchair":"Accessibility not listed"},"geometry":{"type":"Point","coordinates":[-8.048683,54.036912]}},{"type":"Feature","id":"8480LL10947","properties":{"stop_id":"8480LL10947","stop_name":"Acres Lake","mode":"Bus","modes":"Bus","routes":"567","route_count":1,"wheelchair":"Accessibility not listed"},"geometry":{"type":"Point","coordinates":[-8.048501,54.038395]}},{"type":"Feature","id":"8230IR0128","properties":{"stop_id":"8230IR0128","stop_name":"Adamstown","mode":"Rail","modes":"Rail","routes":"rail · Commuter","route_count":2,"wheelchair":"Accessibility not listed"},"geometry":{"type":"Point","coordinates":[-6.46911,53.336295]}},{"type":"Feature","id":"8230DB007898","properties":{"stop_id":"8230DB007898","stop_name":"Adamstown Avenue","mode":"Bus","modes":"Bus","routes":"C2 · L51 · L52 · X30","route_count":4,"wheelchair":"Not listed as accessible"},"geometry":{"type":"Point","coordinates":[-6.468824,53.338209]}},{"type":"Feature","id":"8230DB007892","properties":{"stop_id":"8230DB007892","stop_name":"Adamstown Boulevard","mode":"Bus","modes":"Bus","routes":"C2 · L51 · L52 · X30","route_count":4,"wheelchair":"Not listed as accessible"},"geometry":{"type":"Point","coordinates":[-6.46964770913867,53.3386782510057]}},{"type":"Feature","id":"8230DB006289","properties":{"stop_id":"8230DB006289","stop_name":"Adamstown Station","mode":"Bus","modes":"Bus","routes":"C1 · C2 · L51 · L52 · L53 · P29 · X30","route_count":7,"wheelchair":"Accessible boarding listed"},"geometry":{"type":"Point","coordinates":[-6.46891,53.33628]}},{"type":"Feature","id":"8230DB006290","properties":{"stop_id":"8230DB006290","stop_name":"Adamstown Station","mode":"Bus","modes":"Bus","routes":"C1 · C2 · L51 · L52 · L53 · P29 · X30","route_count":7,"wheelchair":"Not listed as accessible"},"geometry":{"type":"Point","coordinates":[-6.46999,53.33641]}},{"type":"Feature","id":"8410B336341","properties":{"stop_id":"8410B336341","stop_name":"Adare","mode":"Bus","modes":"Bus","routes":"13 · 14 · 300 · 321 · 722","route_count":5,"wheelchair":"Accessible boarding listed"},"geometry":{"type":"Point","coordinates":[-8.78977142284952,52.5644648698945]}},{"type":"Feature","id":"8410B6312801","properties":{"stop_id":"8410B6312801","stop_name":"Adare","mode":"Bus","modes":"Bus","routes":"13 · 14 · 300 · 321 · 722","route_count":5,"wheelchair":"Accessible boarding listed"},"geometry":{"type":"Point","coordinates":[-8.789651,52.564394]}},{"type":"Feature","id":"8220DB001254","properties":{"stop_id":"8220DB001254","stop_name":"Adare Avenue","mode":"Bus","modes":"Bus","routes":"27 · 27X","route_count":2,"wheelchair":"Accessible boarding listed"},"geometry":{"type":"Point","coordinates":[-6.211363,53.395117]}},{"type":"Feature","id":"8220DB004698","properties":{"stop_id":"8220DB004698","stop_name":"Adare Avenue","mode":"Bus","modes":"Bus","routes":"27 · 27X","route_count":2,"wheelchair":"Accessible boarding listed"},"geometry":{"type":"Point","coordinates":[-6.2111,53.394943]}},{"type":"Feature","id":"8220DB001255","properties":{"stop_id":"8220DB001255","stop_name":"Adare Park","mode":"Bus","modes":"Bus","routes":"27 · 27X","route_count":2,"wheelchair":"Accessible boarding listed"},"geometry":{"type":"Point","coordinates":[-6.208974,53.394354]}},{"type":"Feature","id":"8220DB001249","properties":{"stop_id":"8220DB001249","stop_name":"Adare Road","mode":"Bus","modes":"Bus","routes":"27 · 27X","route_count":2,"wheelchair":"Accessible boarding listed"},"geometry":{"type":"Point","coordinates":[-6.20124,53.395181]}},{"type":"Feature","id":"8220DB004696","properties":{"stop_id":"8220DB004696","stop_name":"Adare Road","mode":"Bus","modes":"Bus","routes":"27 · 27X","route_count":2,"wheelchair":"Accessible boarding listed"},"geometry":{"type":"Point","coordinates":[-6.20233,53.394308]}},{"type":"Feature","id":"8220DB000846","properties":{"stop_id":"8220DB000846","stop_name":"Adelaide Road","mode":"Bus","modes":"Bus","routes":"11 · 37 · 7B · 7D · E1 · E2 · X1 · X2 · 11B · 133 · 32X · 41X · 46n · X25 · X26 · X27","route_count":22,"wheelchair":"Accessible boarding listed"},"geometry":{"type":"Point","coordinates":[-6.254111,53.333454]}},{"type":"Feature","id":"8220DB000909","properties":{"stop_id":"8220DB000909","stop_name":"Adelaide Road","mode":"Bus","modes":"Bus","routes":"11 · 7B · 7D · E1 · E2 · X1 · X2 · 116 · 118 · 11B · 133 · 32X · 41X · X25 · X27 · X28","route_count":19,"wheelchair":"Accessible boarding listed"},"geometry":{"type":"Point","coordinates":[-6.254078,53.333148]}},{"type":"Feature","id":"851000020","properties":{"stop_id":"851000020","stop_name":"Adelaide Street","mode":"Bus","modes":"Bus","routes":"SI11","route_count":1,"wheelchair":"Not listed as accessible"},"geometry":{"type":"Point","coordinates":[-8.4797963524022,54.2717522026368]}},{"type":"Feature","id":"8320LL11998","properties":{"stop_id":"8320LL11998","stop_name":"Adjacent Kellys Shop","mode":"Bus","modes":"Bus","routes":"847","route_count":1,"wheelchair":"Not listed as accessible"},"geometry":{"type":"Point","coordinates":[-7.55165,53.25007]}},{"type":"Feature","id":"8240DB000925","properties":{"stop_id":"8240DB000925","stop_name":"Admiral Court","mode":"Bus","modes":"Bus","routes":"H1 · 29n","route_count":2,"wheelchair":"Accessible boarding listed"},"geometry":{"type":"Point","coordinates":[-6.13337375090669,53.3973028351122]}},{"type":"Feature","id":"8240DB000917","properties":{"stop_id":"8240DB000917","stop_name":"Admiral Park","mode":"Bus","modes":"Bus","routes":"H1","route_count":1,"wheelchair":"Accessible boarding listed"},"geometry":{"type":"Point","coordinates":[-6.133195,53.397255]}},{"type":"Feature","id":"8380B215061","properties":{"stop_id":"8380B215061","stop_name":"Adrigole","mode":"Bus","modes":"Bus","routes":"232 · 236","route_count":2,"wheelchair":"Accessible boarding listed"},"geometry":{"type":"Point","coordinates":[-9.725176,51.693316]}},{"type":"Feature","id":"8380B250561","properties":{"stop_id":"8380B250561","stop_name":"Adrigole","mode":"Bus","modes":"Bus","routes":"231 · 232 · 236","route_count":3,"wheelchair":"Accessible boarding listed"},"geometry":{"type":"Point","coordinates":[-9.72204,51.69451]}},{"type":"Feature","id":"8530LL10796","properties":{"stop_id":"8530LL10796","stop_name":"Aerft Dhún na nGall","mode":"Bus","modes":"Bus","routes":"966","route_count":1,"wheelchair":"Accessible boarding listed"},"geometry":{"type":"Point","coordinates":[-8.34196,55.03782]}},{"type":"Feature","id":"8500B5301401","properties":{"stop_id":"8500B5301401","stop_name":"Aghaderry","mode":"Bus","modes":"Bus","routes":"429","route_count":1,"wheelchair":"Not listed as accessible"},"geometry":{"type":"Point","coordinates":[-8.57155103090359,53.8327635249552]}},{"type":"Feature","id":"8500B5301501","properties":{"stop_id":"8500B5301501","stop_name":"Aghaderry","mode":"Bus","modes":"Bus","routes":"429","route_count":1,"wheelchair":"Not listed as accessible"},"geometry":{"type":"Point","coordinates":[-8.57145817426231,53.8326381586982]}},{"type":"Feature","id":"852000074","properties":{"stop_id":"852000074","stop_name":"Aghadreenagh","mode":"Bus","modes":"Bus","routes":"VI04","route_count":1,"wheelchair":"Not listed as accessible"},"geometry":{"type":"Point","coordinates":[-7.21959015879507,53.9349659270635]}},{"type":"Feature","id":"852000024","properties":{"stop_id":"852000024","stop_name":"Aghalattafraal","mode":"Bus","modes":"Bus","routes":"VI04","route_count":1,"wheelchair":"Not listed as accessible"},"geometry":{"type":"Point","coordinates":[-7.218406,53.890746]}},{"type":"Feature","id":"8300B109211","properties":{"stop_id":"8300B109211","stop_name":"Aghameen Park","mode":"Bus","modes":"Bus","routes":"174 · 174B","route_count":2,"wheelchair":"Accessible boarding listed"},"geometry":{"type":"Point","coordinates":[-6.38254,53.986931]}},{"type":"Feature","id":"8290LL14069","properties":{"stop_id":"8290LL14069","stop_name":"Aghamore","mode":"Bus","modes":"Bus","routes":"426","route_count":1,"wheelchair":"Accessible boarding listed"},"geometry":{"type":"Point","coordinates":[-7.97996,53.67286]}},{"type":"Feature","id":"8290LL14070","properties":{"stop_id":"8290LL14070","stop_name":"Aghamore","mode":"Bus","modes":"Bus","routes":"426","route_count":1,"wheelchair":"Accessible boarding listed"},"geometry":{"type":"Point","coordinates":[-7.98047,53.67267]}},{"type":"Feature","id":"8480B5561701","properties":{"stop_id":"8480B5561701","stop_name":"Aghamore","mode":"Bus","modes":"Bus","routes":"23 · 564","route_count":2,"wheelchair":"Not listed as accessible"},"geometry":{"type":"Point","coordinates":[-7.95651,53.90132]}},{"type":"Feature","id":"8480B556311","properties":{"stop_id":"8480B556311","stop_name":"Aghamore","mode":"Bus","modes":"Bus","routes":"23 · 564","route_count":2,"wheelchair":"Not listed as accessible"},"geometry":{"type":"Point","coordinates":[-7.95616,53.9013]}},{"type":"Feature","id":"8480B5710001","properties":{"stop_id":"8480B5710001","stop_name":"Aghavas","mode":"Bus","modes":"Bus","routes":"464","route_count":1,"wheelchair":"Not listed as accessible"},"geometry":{"type":"Point","coordinates":[-7.72602408846001,53.9580093411664]}},{"type":"Feature","id":"8480B571071","properties":{"stop_id":"8480B571071","stop_name":"Aghavas","mode":"Bus","modes":"Bus","routes":"464","route_count":1,"wheelchair":"Not listed as accessible"},"geometry":{"type":"Point","coordinates":[-7.72597666935402,53.9582698280174]}},{"type":"Feature","id":"8380B215151","properties":{"stop_id":"8380B215151","stop_name":"Aghaville","mode":"Bus","modes":"Bus","routes":"229 · 236","route_count":2,"wheelchair":"Not listed as accessible"},"geometry":{"type":"Point","coordinates":[-9.344224,51.652534]}},{"type":"Feature","id":"8380B230121","properties":{"stop_id":"8380B230121","stop_name":"Aghaville","mode":"Bus","modes":"Bus","routes":"229 · 236","route_count":2,"wheelchair":"Not listed as accessible"},"geometry":{"type":"Point","coordinates":[-9.343944,51.652357]}},{"type":"Feature","id":"8380LL12592","properties":{"stop_id":"8380LL12592","stop_name":"Aghern","mode":"Bus","modes":"Bus","routes":"363","route_count":1,"wheelchair":"Not listed as accessible"},"geometry":{"type":"Point","coordinates":[-8.151935,52.086775]}},{"type":"Feature","id":"8380LL12593","properties":{"stop_id":"8380LL12593","stop_name":"Aghern","mode":"Bus","modes":"Bus","routes":"363","route_count":1,"wheelchair":"Not listed as accessible"},"geometry":{"type":"Point","coordinates":[-8.151937,52.086861]}},{"type":"Feature","id":"845000053","properties":{"stop_id":"845000053","stop_name":"Aglish","mode":"Bus","modes":"Bus","routes":"357","route_count":1,"wheelchair":"Accessible boarding listed"},"geometry":{"type":"Point","coordinates":[-7.82398,52.07007]}},{"type":"Feature","id":"8380LL10835","properties":{"stop_id":"8380LL10835","stop_name":"Ahakista","mode":"Bus","modes":"Bus","routes":"232","route_count":1,"wheelchair":"Not listed as accessible"},"geometry":{"type":"Point","coordinates":[-9.6326,51.59991]}},{"type":"Feature","id":"8380LL10841","properties":{"stop_id":"8380LL10841","stop_name":"Ahakista","mode":"Bus","modes":"Bus","routes":"232","route_count":1,"wheelchair":"Not listed as accessible"},"geometry":{"type":"Point","coordinates":[-9.63257,51.59996]}},{"type":"Feature","id":"847000102","properties":{"stop_id":"847000102","stop_name":"Ahascragh","mode":"Bus","modes":"Bus","routes":"546","route_count":1,"wheelchair":"Accessible boarding listed"},"geometry":{"type":"Point","coordinates":[-8.3344,53.39828]}},{"type":"Feature","id":"8470LL15428","properties":{"stop_id":"8470LL15428","stop_name":"Ahascragh","mode":"Bus","modes":"Bus","routes":"546","route_count":1,"wheelchair":"Accessible boarding listed"},"geometry":{"type":"Point","coordinates":[-8.33413,53.39827]}},{"type":"Feature","id":"8380B235101","properties":{"stop_id":"8380B235101","stop_name":"Aherla","mode":"Bus","modes":"Bus","routes":"233","route_count":1,"wheelchair":"Not listed as accessible"},"geometry":{"type":"Point","coordinates":[-8.732936,51.853759]}},{"type":"Feature","id":"8380B2362201","properties":{"stop_id":"8380B2362201","stop_name":"Aherla","mode":"Bus","modes":"Bus","routes":"233","route_count":1,"wheelchair":"Not listed as accessible"},"geometry":{"type":"Point","coordinates":[-8.732948,51.853642]}},{"type":"Feature","id":"8360B336651","properties":{"stop_id":"8360B336651","stop_name":"Aidan Park","mode":"Bus","modes":"Bus","routes":"316 · 330 · 343","route_count":3,"wheelchair":"Accessible boarding listed"},"geometry":{"type":"Point","coordinates":[-8.868443,52.712679]}},{"type":"Feature","id":"8360B337731","properties":{"stop_id":"8360B337731","stop_name":"Aidan Park","mode":"Bus","modes":"Bus","routes":"316 · 330 · 343","route_count":3,"wheelchair":"Accessible boarding listed"},"geometry":{"type":"Point","coordinates":[-8.868378,52.712374]}},{"type":"Feature","id":"8220DB002393","properties":{"stop_id":"8220DB002393","stop_name":"Aideen Avenue","mode":"Bus","modes":"Bus","routes":"F1 · F2 · F3","route_count":3,"wheelchair":"Accessible boarding listed"},"geometry":{"type":"Point","coordinates":[-6.295455,53.315204]}},{"type":"Feature","id":"8220DB002440","properties":{"stop_id":"8220DB002440","stop_name":"Aideen Avenue","mode":"Bus","modes":"Bus","routes":"F1 · F2 · F3","route_count":3,"wheelchair":"Accessible boarding listed"},"geometry":{"type":"Point","coordinates":[-6.29432691528977,53.3164008747397]}},{"type":"Feature","id":"8220DB002087","properties":{"stop_id":"8220DB002087","stop_name":"Ailesbury Road","mode":"Bus","modes":"Bus","routes":"47 · 84n","route_count":2,"wheelchair":"Accessible boarding listed"},"geometry":{"type":"Point","coordinates":[-6.21283,53.32061]}},{"type":"Feature","id":"8220DB004455","properties":{"stop_id":"8220DB004455","stop_name":"Ailesbury Road","mode":"Bus","modes":"Bus","routes":"47","route_count":1,"wheelchair":"Accessible boarding listed"},"geometry":{"type":"Point","coordinates":[-6.214059,53.320655]}},{"type":"Feature","id":"8530LL10833","properties":{"stop_id":"8530LL10833","stop_name":"Ailt an Chorráin","mode":"Bus","modes":"Bus","routes":"961 · 966 · 971","route_count":3,"wheelchair":"Accessible boarding listed"},"geometry":{"type":"Point","coordinates":[-8.442092,54.983075]}},{"type":"Feature","id":"8240DB003669","properties":{"stop_id":"8240DB003669","stop_name":"Aircraft Hangars","mode":"Bus","modes":"Bus","routes":"16 · 19 · 24 · 41 · 102 · 16D · 100X","route_count":7,"wheelchair":"Accessible boarding listed"},"geometry":{"type":"Point","coordinates":[-6.23508,53.428466]}},{"type":"Feature","id":"8230DB006298","properties":{"stop_id":"8230DB006298","stop_name":"Airpark Avenue","mode":"Bus","modes":"Bus","routes":"15B","route_count":1,"wheelchair":"Accessible boarding listed"},"geometry":{"type":"Point","coordinates":[-6.303748,53.274507]}},{"type":"Feature","id":"8230DB006325","properties":{"stop_id":"8230DB006325","stop_name":"Airpark Avenue","mode":"Bus","modes":"Bus","routes":"15B","route_count":1,"wheelchair":"Not listed as accessible"},"geometry":{"type":"Point","coordinates":[-6.303506,53.274548]}},{"type":"Feature","id":"8380B2300501","properties":{"stop_id":"8380B2300501","stop_name":"Airport BP North","mode":"Bus","modes":"Bus","routes":"225 · 226","route_count":2,"wheelchair":"Accessible boarding listed"},"geometry":{"type":"Point","coordinates":[-8.482687,51.852157]}},{"type":"Feature","id":"8380B233111","properties":{"stop_id":"8380B233111","stop_name":"Airport BP North","mode":"Bus","modes":"Bus","routes":"225 · 226","route_count":2,"wheelchair":"Accessible boarding listed"},"geometry":{"type":"Point","coordinates":[-8.482587,51.852284]}},{"type":"Feature","id":"8240DB003885","properties":{"stop_id":"8240DB003885","stop_name":"Airport Business Pk","mode":"Bus","modes":"Bus","routes":"19 · 24 · 33 · 41 · 41B · 41C · 41D","route_count":7,"wheelchair":"Accessible boarding listed"},"geometry":{"type":"Point","coordinates":[-6.229119,53.425969]}},{"type":"Feature","id":"8240DB001552","properties":{"stop_id":"8240DB001552","stop_name":"Airport Logis Pk","mode":"Bus","modes":"Bus","routes":"24 · L89","route_count":2,"wheelchair":"Not listed as accessible"},"geometry":{"type":"Point","coordinates":[-6.307024,53.419117]}},{"type":"Feature","id":"8240DB001555","properties":{"stop_id":"8240DB001555","stop_name":"Airport Logis Pk","mode":"Bus","modes":"Bus","routes":"24 · L89","route_count":2,"wheelchair":"Not listed as accessible"},"geometry":{"type":"Point","coordinates":[-6.306863,53.418252]}},{"type":"Feature","id":"8240DB003670","properties":{"stop_id":"8240DB003670","stop_name":"Airport Parking","mode":"Bus","modes":"Bus","routes":"33 · 33E · 41B · 41C · 41D","route_count":5,"wheelchair":"Accessible boarding listed"},"geometry":{"type":"Point","coordinates":[-6.229854,53.424577]}},{"type":"Feature","id":"8440B352341","properties":{"stop_id":"8440B352341","stop_name":"Airport Rd Rbt","mode":"Bus","modes":"Bus","routes":"W3","route_count":1,"wheelchair":"Accessible boarding listed"},"geometry":{"type":"Point","coordinates":[-7.105474,52.233162]}},{"type":"Feature","id":"8240DB003671","properties":{"stop_id":"8240DB003671","stop_name":"Airport Rnbt","mode":"Bus","modes":"Bus","routes":"33 · 41 · 102 · 33A · 33E · 33n · 41B · 41C · 41D · 505X","route_count":10,"wheelchair":"Accessible boarding listed"},"geometry":{"type":"Point","coordinates":[-6.230165,53.4294]}},{"type":"Feature","id":"8240B1308801","properties":{"stop_id":"8240B1308801","stop_name":"Airport Zone 10","mode":"Bus","modes":"Bus","routes":"707 · 713 · 712X","route_count":3,"wheelchair":"Accessible boarding listed"},"geometry":{"type":"Point","coordinates":[-6.24278,53.42829]}},{"type":"Feature","id":"8240B1309001","properties":{"stop_id":"8240B1309001","stop_name":"Airport Zone 10","mode":"Bus","modes":"Bus","routes":"712","route_count":1,"wheelchair":"Accessible boarding listed"},"geometry":{"type":"Point","coordinates":[-6.24296,53.4284]}},{"type":"Feature","id":"8240000548","properties":{"stop_id":"8240000548","stop_name":"Airport Zone 11","mode":"Bus","modes":"Bus","routes":"721 · 763","route_count":2,"wheelchair":"Accessible boarding listed"},"geometry":{"type":"Point","coordinates":[-6.24214,53.42789]}},{"type":"Feature","id":"8240B111921","properties":{"stop_id":"8240B111921","stop_name":"Airport Zone 11","mode":"Bus","modes":"Bus","routes":"24","route_count":1,"wheelchair":"Accessible boarding listed"},"geometry":{"type":"Point","coordinates":[-6.24176,53.42766]}},{"type":"Feature","id":"8240DB008364","properties":{"stop_id":"8240DB008364","stop_name":"Airport Zone 11","mode":"Bus","modes":"Bus","routes":"19 · 760 · 761","route_count":3,"wheelchair":"Not listed as accessible"},"geometry":{"type":"Point","coordinates":[-6.24195,53.42777]}},{"type":"Feature","id":"8240B112001","properties":{"stop_id":"8240B112001","stop_name":"Airport Zone 12","mode":"Bus","modes":"Bus","routes":"30 · 32 · 722 · 723","route_count":4,"wheelchair":"Not listed as accessible"},"geometry":{"type":"Point","coordinates":[-6.24256,53.42829]}},{"type":"Feature","id":"8240B111931","properties":{"stop_id":"8240B111931","stop_name":"Airport Zone 13","mode":"Bus","modes":"Bus","routes":"101 · 109A","route_count":2,"wheelchair":"Accessible boarding listed"},"geometry":{"type":"Point","coordinates":[-6.24153,53.42765]}},{"type":"Feature","id":"8240B112021","properties":{"stop_id":"8240B112021","stop_name":"Airport Zone 13","mode":"Bus","modes":"Bus","routes":"100X","route_count":1,"wheelchair":"Accessibility not listed"},"geometry":{"type":"Point","coordinates":[-6.24197,53.42792]}},{"type":"Feature","id":"8240B112111","properties":{"stop_id":"8240B112111","stop_name":"Airport Zone 13","mode":"Bus","modes":"Bus","routes":"2 · 22 · 23","route_count":3,"wheelchair":"Accessibility not listed"},"geometry":{"type":"Point","coordinates":[-6.24219,53.42806]}},{"type":"Feature","id":"8240000546","properties":{"stop_id":"8240000546","stop_name":"Airport Zone 14","mode":"Bus","modes":"Bus","routes":"740 · 740A · 740X","route_count":3,"wheelchair":"Accessible boarding listed"},"geometry":{"type":"Point","coordinates":[-6.24262,53.42848]}},{"type":"Feature","id":"8240DB007347","properties":{"stop_id":"8240DB007347","stop_name":"Airport Zone 15","mode":"Bus","modes":"Bus","routes":"16 · 41 · 16D","route_count":3,"wheelchair":"Accessible boarding listed"},"geometry":{"type":"Point","coordinates":[-6.24204,53.42812]}},{"type":"Feature","id":"8240DB007348","properties":{"stop_id":"8240DB007348","stop_name":"Airport Zone 15","mode":"Bus","modes":"Bus","routes":"41 · 102 · 33A · 33n","route_count":4,"wheelchair":"Accessible boarding listed"},"geometry":{"type":"Point","coordinates":[-6.24162,53.42786]}},{"type":"Feature","id":"8240000549","properties":{"stop_id":"8240000549","stop_name":"Airport Zone 16","mode":"Bus","modes":"Bus","routes":"717 · 726 · 735 · 736 · 741 · 750 · 786 · 787 · 847 · 932 · 933 · 932A · 933A","route_count":13,"wheelchair":"Accessibility not listed"},"geometry":{"type":"Point","coordinates":[-6.24108,53.42899]}},{"type":"Feature","id":"8240DB003676","properties":{"stop_id":"8240DB003676","stop_name":"Airside","mode":"Bus","modes":"Bus","routes":"33 · 41 · 101 · 197 · 33A · 33E · 41B · 41D · 41X","route_count":9,"wheelchair":"Accessible boarding listed"},"geometry":{"type":"Point","coordinates":[-6.22835845052754,53.4467824882382]}},{"type":"Feature","id":"8240DB003695","properties":{"stop_id":"8240DB003695","stop_name":"Airside","mode":"Bus","modes":"Bus","routes":"33 · 41 · 197 · 33A · 41B · 41D · 41X · 501 · 500X · 506X","route_count":10,"wheelchair":"Accessible boarding listed"},"geometry":{"type":"Point","coordinates":[-6.228016,53.447056]}},{"type":"Feature","id":"8240DB007002","properties":{"stop_id":"8240DB007002","stop_name":"Airside","mode":"Bus","modes":"Bus","routes":"197 · 500 · 501 · 502 · 503 · 505 · 500X · 506X","route_count":8,"wheelchair":"Accessible boarding listed"},"geometry":{"type":"Point","coordinates":[-6.224282,53.445985]}},{"type":"Feature","id":"8240DB007210","properties":{"stop_id":"8240DB007210","stop_name":"Airside","mode":"Bus","modes":"Bus","routes":"197 · 500 · 501 · 503 · 505 · 500N","route_count":6,"wheelchair":"Accessible boarding listed"},"geometry":{"type":"Point","coordinates":[-6.222815,53.446143]}},{"type":"Feature","id":"8230DB002633","properties":{"stop_id":"8230DB002633","stop_name":"Airton Road","mode":"Bus","modes":"Bus","routes":"27","route_count":1,"wheelchair":"Accessible boarding listed"},"geometry":{"type":"Point","coordinates":[-6.35577,53.2941]}},{"type":"Feature","id":"8230DB004446","properties":{"stop_id":"8230DB004446","stop_name":"Airton Road","mode":"Bus","modes":"Bus","routes":"27 · 77n","route_count":2,"wheelchair":"Accessible boarding listed"},"geometry":{"type":"Point","coordinates":[-6.355511,53.293999]}},{"type":"Feature","id":"8360PB14807","properties":{"stop_id":"8360PB14807","stop_name":"Aisling","mode":"Bus","modes":"Bus","routes":"NS2","route_count":1,"wheelchair":"Accessible boarding listed"},"geometry":{"type":"Point","coordinates":[-9.01109,52.84803]}},{"type":"Feature","id":"8360PB14812","properties":{"stop_id":"8360PB14812","stop_name":"Aisling","mode":"Bus","modes":"Bus","routes":"NS2","route_count":1,"wheelchair":"Accessible boarding listed"},"geometry":{"type":"Point","coordinates":[-9.01134,52.84803]}},{"type":"Feature","id":"8310B189301","properties":{"stop_id":"8310B189301","stop_name":"Aisling Place","mode":"Bus","modes":"Bus","routes":"NV2","route_count":1,"wheelchair":"Accessible boarding listed"},"geometry":{"type":"Point","coordinates":[-6.67659551846343,53.6637824705839]}},{"type":"Feature","id":"8310B189311","properties":{"stop_id":"8310B189311","stop_name":"Aisling Place","mode":"Bus","modes":"Bus","routes":"NV2","route_count":1,"wheelchair":"Accessible boarding listed"},"geometry":{"type":"Point","coordinates":[-6.67648850629128,53.6638172363845]}},{"type":"Feature","id":"8250DB003039","properties":{"stop_id":"8250DB003039","stop_name":"Albany Avenue","mode":"Bus","modes":"Bus","routes":"7 · 7A · 7n · S8","route_count":4,"wheelchair":"Accessible boarding listed"},"geometry":{"type":"Point","coordinates":[-6.157924,53.294346]}},{"type":"Feature","id":"8220DB000090","properties":{"stop_id":"8220DB000090","stop_name":"Albert College Ct","mode":"Bus","modes":"Bus","routes":"E1 · E2 · 70D","route_count":3,"wheelchair":"Accessible boarding listed"},"geometry":{"type":"Point","coordinates":[-6.26526567275522,53.3863855316738]}},{"type":"Feature","id":"8220DB000029","properties":{"stop_id":"8220DB000029","stop_name":"Albert College Park","mode":"Bus","modes":"Bus","routes":"19 · E1 · E2 · 70D","route_count":4,"wheelchair":"Accessible boarding listed"},"geometry":{"type":"Point","coordinates":[-6.26566910125417,53.3834882529457]}},{"type":"Feature","id":"8220DB001605","properties":{"stop_id":"8220DB001605","stop_name":"Albert College Pk","mode":"Bus","modes":"Bus","routes":"N4 · 104 · 220 · 70D · 220A · 220T","route_count":6,"wheelchair":"Accessible boarding listed"},"geometry":{"type":"Point","coordinates":[-6.2608,53.388253]}},{"type":"Feature","id":"8370B2368401","properties":{"stop_id":"8370B2368401","stop_name":"Albert Road","mode":"Bus","modes":"Bus","routes":"202 · 212 · 202A","route_count":3,"wheelchair":"Accessible boarding listed"},"geometry":{"type":"Point","coordinates":[-8.459654,51.896683]}},{"type":"Feature","id":"8370B2370401","properties":{"stop_id":"8370B2370401","stop_name":"Albert Road","mode":"Bus","modes":"Bus","routes":"202 · 212 · 202A","route_count":3,"wheelchair":"Accessible boarding listed"},"geometry":{"type":"Point","coordinates":[-8.459811,51.897824]}},{"type":"Feature","id":"8310B1009601","properties":{"stop_id":"8310B1009601","stop_name":"Alderbrook","mode":"Bus","modes":"Bus","routes":"103 · 105 · 193 · 194 · 197 · 103X · 109A · 109D · UM03","route_count":9,"wheelchair":"Accessible boarding listed"},"geometry":{"type":"Point","coordinates":[-6.391921,53.504902]}},{"type":"Feature","id":"8230DB002349","properties":{"stop_id":"8230DB002349","stop_name":"Alderwood","mode":"Bus","modes":"Bus","routes":"27 · 65 · 82 · S8 · W4 · W6 · 49n · 56A · 65A · 77A · 77n","route_count":11,"wheelchair":"Accessible boarding listed"},"geometry":{"type":"Point","coordinates":[-6.378472,53.285029]}},{"type":"Feature","id":"8230DB002360","properties":{"stop_id":"8230DB002360","stop_name":"Alderwood","mode":"Bus","modes":"Bus","routes":"27 · 65 · 82 · S8 · W4 · W6 · 56A · 65A · 77A","route_count":9,"wheelchair":"Accessible boarding listed"},"geometry":{"type":"Point","coordinates":[-6.379685,53.284695]}},{"type":"Feature","id":"8300LL12535","properties":{"stop_id":"8300LL12535","stop_name":"Aldi Ardee","mode":"Bus","modes":"Bus","routes":"177","route_count":1,"wheelchair":"Not listed as accessible"},"geometry":{"type":"Point","coordinates":[-6.542265,53.855057]}},{"type":"Feature","id":"8520LL10625","properties":{"stop_id":"8520LL10625","stop_name":"Aldi Cavan","mode":"Bus","modes":"Bus","routes":"C1","route_count":1,"wheelchair":"Accessible boarding listed"},"geometry":{"type":"Point","coordinates":[-7.350783,53.984281]}},{"type":"Feature","id":"8360LL10908","properties":{"stop_id":"8360LL10908","stop_name":"Aldi Kilrush","mode":"Bus","modes":"Bus","routes":"335 · 339","route_count":2,"wheelchair":"Accessibility not listed"},"geometry":{"type":"Point","coordinates":[-9.48255,52.640972]}},{"type":"Feature","id":"8260B1041001","properties":{"stop_id":"8260B1041001","stop_name":"Aldi Newbridge","mode":"Bus","modes":"Bus","routes":"126 · 726 · 892 · 126A · 126B · 126E · 126U","route_count":7,"wheelchair":"Accessible boarding listed"},"geometry":{"type":"Point","coordinates":[-6.802968,53.17663]}},{"type":"Feature","id":"8310B136941","properties":{"stop_id":"8310B136941","stop_name":"Alexander Reid","mode":"Bus","modes":"Bus","routes":"188","route_count":1,"wheelchair":"Not listed as accessible"},"geometry":{"type":"Point","coordinates":[-6.642081,53.646329]}},{"type":"Feature","id":"8310B137711","properties":{"stop_id":"8310B137711","stop_name":"Alexander Reid","mode":"Bus","modes":"Bus","routes":"188","route_count":1,"wheelchair":"Not listed as accessible"},"geometry":{"type":"Point","coordinates":[-6.642998,53.646493]}},{"type":"Feature","id":"8220DB002817","properties":{"stop_id":"8220DB002817","stop_name":"Alexandra College","mode":"Bus","modes":"Bus","routes":"44 · 44D","route_count":2,"wheelchair":"Accessible boarding listed"},"geometry":{"type":"Point","coordinates":[-6.247863,53.311152]}},{"type":"Feature","id":"8220DB002898","properties":{"stop_id":"8220DB002898","stop_name":"Alexandra College","mode":"Bus","modes":"Bus","routes":"44 · 44D","route_count":2,"wheelchair":"Accessible boarding listed"},"geometry":{"type":"Point","coordinates":[-6.248162,53.311166]}},{"type":"Feature","id":"8220DB002274","properties":{"stop_id":"8220DB002274","stop_name":"Alexandra Rd East","mode":"Bus","modes":"Bus","routes":"53","route_count":1,"wheelchair":"Accessible boarding listed"},"geometry":{"type":"Point","coordinates":[-6.203631,53.350186]}},{"type":"Feature","id":"8240DB004979","properties":{"stop_id":"8240DB004979","stop_name":"Alexion","mode":"Bus","modes":"Bus","routes":"236 · 238 · 40D · 70n · 236T","route_count":5,"wheelchair":"Accessible boarding listed"},"geometry":{"type":"Point","coordinates":[-6.377823,53.411337]}},{"type":"Feature","id":"8240DB005071","properties":{"stop_id":"8240DB005071","stop_name":"Alexion","mode":"Bus","modes":"Bus","routes":"236 · 238 · 40D · 236T","route_count":4,"wheelchair":"Accessible boarding listed"},"geometry":{"type":"Point","coordinates":[-6.376017,53.410962]}},{"type":"Feature","id":"8220DB000651","properties":{"stop_id":"8220DB000651","stop_name":"All Saints Park","mode":"Bus","modes":"Bus","routes":"H1 · 29n","route_count":2,"wheelchair":"Accessible boarding listed"},"geometry":{"type":"Point","coordinates":[-6.1799309090613,53.3754794507715]}},{"type":"Feature","id":"8220DB000657","properties":{"stop_id":"8220DB000657","stop_name":"All Saints Park","mode":"Bus","modes":"Bus","routes":"H1","route_count":1,"wheelchair":"Accessible boarding listed"},"geometry":{"type":"Point","coordinates":[-6.17895111704479,53.3755453978778]}},{"type":"Feature","id":"8220DB000604","properties":{"stop_id":"8220DB000604","stop_name":"All Saints Road","mode":"Bus","modes":"Bus","routes":"6 · H1 · H2 · H3","route_count":4,"wheelchair":"Accessible boarding listed"},"geometry":{"type":"Point","coordinates":[-6.190791,53.376355]}},{"type":"Feature","id":"8220DB000649","properties":{"stop_id":"8220DB000649","stop_name":"All Saints Road","mode":"Bus","modes":"Bus","routes":"H1 · 29n","route_count":2,"wheelchair":"Accessible boarding listed"},"geometry":{"type":"Point","coordinates":[-6.18966656708744,53.3762836659106]}},{"type":"Feature","id":"8230LL12069","properties":{"stop_id":"8230LL12069","stop_name":"Allagour","mode":"Bus","modes":"Bus","routes":"SD3","route_count":1,"wheelchair":"Not listed as accessible"},"geometry":{"type":"Point","coordinates":[-6.37615,53.24618]}},{"type":"Feature","id":"8260B1026501","properties":{"stop_id":"8260B1026501","stop_name":"Allen","mode":"Bus","modes":"Bus","routes":"821 · 120B · 120F","route_count":3,"wheelchair":"Not listed as accessible"},"geometry":{"type":"Point","coordinates":[-6.852656,53.241929]}},{"type":"Feature","id":"8260B5584101","properties":{"stop_id":"8260B5584101","stop_name":"Allen","mode":"Bus","modes":"Bus","routes":"821 · 120B · 120F","route_count":3,"wheelchair":"Not listed as accessible"},"geometry":{"type":"Point","coordinates":[-6.85542173305562,53.2393404546723]}},{"type":"Feature","id":"8240DB006110","properties":{"stop_id":"8240DB006110","stop_name":"Allendale Close","mode":"Bus","modes":"Bus","routes":"139 · 39A · 39X","route_count":3,"wheelchair":"Accessible boarding listed"},"geometry":{"type":"Point","coordinates":[-6.430059,53.390698]}},{"type":"Feature","id":"8240DB006111","properties":{"stop_id":"8240DB006111","stop_name":"Allendale Close","mode":"Bus","modes":"Bus","routes":"139 · 39A · 39X","route_count":3,"wheelchair":"Accessible boarding listed"},"geometry":{"type":"Point","coordinates":[-6.429784,53.390811]}},{"type":"Feature","id":"8240DB007156","properties":{"stop_id":"8240DB007156","stop_name":"Allendale Square","mode":"Bus","modes":"Bus","routes":"39","route_count":1,"wheelchair":"Accessible boarding listed"},"geometry":{"type":"Point","coordinates":[-6.430532,53.38888]}},{"type":"Feature","id":"8240DB007163","properties":{"stop_id":"8240DB007163","stop_name":"Allendale Square","mode":"Bus","modes":"Bus","routes":"39","route_count":1,"wheelchair":"Accessible boarding listed"},"geometry":{"type":"Point","coordinates":[-6.430466,53.389023]}},{"type":"Feature","id":"8260B1027101","properties":{"stop_id":"8260B1027101","stop_name":"Allenwood","mode":"Bus","modes":"Bus","routes":"120 · 821 · 120A · 120E · 120X · UM18 · UM19","route_count":7,"wheelchair":"Accessible boarding listed"},"geometry":{"type":"Point","coordinates":[-6.86021212908104,53.2840095895918]}},{"type":"Feature","id":"8260B1324501","properties":{"stop_id":"8260B1324501","stop_name":"Allenwood","mode":"Bus","modes":"Bus","routes":"120 · 888 · 120X · UM18 · UM19","route_count":5,"wheelchair":"Accessible boarding listed"},"geometry":{"type":"Point","coordinates":[-6.86219552511081,53.2838667545305]}},{"type":"Feature","id":"8260LL12053","properties":{"stop_id":"8260LL12053","stop_name":"Allenwood","mode":"Bus","modes":"Bus","routes":"821","route_count":1,"wheelchair":"Accessible boarding listed"},"geometry":{"type":"Point","coordinates":[-6.86041,53.28368]}},{"type":"Feature","id":"8260LL12221","properties":{"stop_id":"8260LL12221","stop_name":"Allenwood","mode":"Bus","modes":"Bus","routes":"888","route_count":1,"wheelchair":"Not listed as accessible"},"geometry":{"type":"Point","coordinates":[-6.86114,53.28468]}},{"type":"Feature","id":"8260B1047401","properties":{"stop_id":"8260B1047401","stop_name":"Allenwood West","mode":"Bus","modes":"Bus","routes":"120 · 120A · 120E · 120X · UM19","route_count":5,"wheelchair":"Not listed as accessible"},"geometry":{"type":"Point","coordinates":[-6.8943,53.287485]}},{"type":"Feature","id":"8260B1323901","properties":{"stop_id":"8260B1323901","stop_name":"Allenwood West","mode":"Bus","modes":"Bus","routes":"120 · 120X · UM19","route_count":3,"wheelchair":"Not listed as accessible"},"geometry":{"type":"Point","coordinates":[-6.895067,53.287987]}},{"type":"Feature","id":"8380LL10831","properties":{"stop_id":"8380LL10831","stop_name":"Allihies","mode":"Bus","modes":"Bus","routes":"263","route_count":1,"wheelchair":"Not listed as accessible"},"geometry":{"type":"Point","coordinates":[-10.04421,51.64031]}},{"type":"Feature","id":"8250DB003037","properties":{"stop_id":"8250DB003037","stop_name":"Alma Road","mode":"Bus","modes":"Bus","routes":"7 · 7A · 7n · S8","route_count":4,"wheelchair":"Accessible boarding listed"},"geometry":{"type":"Point","coordinates":[-6.165751,53.295501]}},{"type":"Feature","id":"8230DB006244","properties":{"stop_id":"8230DB006244","stop_name":"Alpine Heights","mode":"Bus","modes":"Bus","routes":"68 · 151 · 69n","route_count":3,"wheelchair":"Accessible boarding listed"},"geometry":{"type":"Point","coordinates":[-6.408207,53.32273]}},{"type":"Feature","id":"8230DB006245","properties":{"stop_id":"8230DB006245","stop_name":"Alpine Heights","mode":"Bus","modes":"Bus","routes":"13 · 151 · 51D","route_count":3,"wheelchair":"Accessible boarding listed"},"geometry":{"type":"Point","coordinates":[-6.408397,53.322858]}},{"type":"Feature","id":"8230DB002743","properties":{"stop_id":"8230DB002743","stop_name":"Alpine Rise","mode":"Bus","modes":"Bus","routes":"56A","route_count":1,"wheelchair":"Accessible boarding listed"},"geometry":{"type":"Point","coordinates":[-6.386216,53.298445]}},{"type":"Feature","id":"8230DB002754","properties":{"stop_id":"8230DB002754","stop_name":"Alpine Rise","mode":"Bus","modes":"Bus","routes":"49n · 56A","route_count":2,"wheelchair":"Accessible boarding listed"},"geometry":{"type":"Point","coordinates":[-6.386844,53.298103]}},{"type":"Feature","id":"8240DB001630","properties":{"stop_id":"8240DB001630","stop_name":"ALSAA Sports Club","mode":"Bus","modes":"Bus","routes":"16 · 19 · 24 · 33 · 41 · 33E · 33n · 41B · 41C · 41D","route_count":10,"wheelchair":"Accessible boarding listed"},"geometry":{"type":"Point","coordinates":[-6.231892,53.421866]}},{"type":"Feature","id":"8240DB001631","properties":{"stop_id":"8240DB001631","stop_name":"ALSAA Sports Club","mode":"Bus","modes":"Bus","routes":"16 · 19 · 24 · 33 · 41 · 16D · 41B · 41C · 41D","route_count":9,"wheelchair":"Accessible boarding listed"},"geometry":{"type":"Point","coordinates":[-6.230696,53.422406]}},{"type":"Feature","id":"8460PB003659","properties":{"stop_id":"8460PB003659","stop_name":"Altan","mode":"Bus","modes":"Bus","routes":"412","route_count":1,"wheelchair":"Accessible boarding listed"},"geometry":{"type":"Point","coordinates":[-9.100303,53.27009]}},{"type":"Feature","id":"847000067","properties":{"stop_id":"847000067","stop_name":"Altan","mode":"Bus","modes":"Bus","routes":"412","route_count":1,"wheelchair":"Accessible boarding listed"},"geometry":{"type":"Point","coordinates":[-9.100271,53.27001]}},{"type":"Feature","id":"8380LL12337","properties":{"stop_id":"8380LL12337","stop_name":"Altar","mode":"Bus","modes":"Bus","routes":"265","route_count":1,"wheelchair":"Accessible boarding listed"},"geometry":{"type":"Point","coordinates":[-9.64307,51.51942]}},{"type":"Feature","id":"8380LL12338","properties":{"stop_id":"8380LL12338","stop_name":"Altar","mode":"Bus","modes":"Bus","routes":"265","route_count":1,"wheelchair":"Accessible boarding listed"},"geometry":{"type":"Point","coordinates":[-9.6426,51.51972]}},{"type":"Feature","id":"8380B2407501","properties":{"stop_id":"8380B2407501","stop_name":"Amberley","mode":"Bus","modes":"Bus","routes":"206","route_count":1,"wheelchair":"Accessible boarding listed"},"geometry":{"type":"Point","coordinates":[-8.448403,51.868429]}},{"type":"Feature","id":"8380B2410201","properties":{"stop_id":"8380B2410201","stop_name":"Amberley","mode":"Bus","modes":"Bus","routes":"206","route_count":1,"wheelchair":"Accessible boarding listed"},"geometry":{"type":"Point","coordinates":[-8.44976170042834,51.8677943201476]}},{"type":"Feature","id":"8220DB000415","properties":{"stop_id":"8220DB000415","stop_name":"American Embassy","mode":"Bus","modes":"Bus","routes":"4 · 7 · 7A · 7n · S2 · 120","route_count":6,"wheelchair":"Accessible boarding listed"},"geometry":{"type":"Point","coordinates":[-6.232948,53.330338]}},{"type":"Feature","id":"8220DB000487","properties":{"stop_id":"8220DB000487","stop_name":"American Embassy","mode":"Bus","modes":"Bus","routes":"4 · 7 · 7A · 7E · S2 · 120 · 702","route_count":7,"wheelchair":"Accessible boarding listed"},"geometry":{"type":"Point","coordinates":[-6.233902,53.330855]}},{"type":"Feature","id":"8250DB007651","properties":{"stop_id":"8250DB007651","stop_name":"Amgen","mode":"Bus","modes":"Bus","routes":"L27","route_count":1,"wheelchair":"Accessible boarding listed"},"geometry":{"type":"Point","coordinates":[-6.15184030392408,53.2716014149797]}},{"type":"Feature","id":"8400B0610061","properties":{"stop_id":"8400B0610061","stop_name":"Amharc Muileann","mode":"Bus","modes":"Bus","routes":"310","route_count":1,"wheelchair":"Accessible boarding listed"},"geometry":{"type":"Point","coordinates":[-8.5864,52.65637]}},{"type":"Feature","id":"8400B0610081","properties":{"stop_id":"8400B0610081","stop_name":"Amharc Muileann","mode":"Bus","modes":"Bus","routes":"310","route_count":1,"wheelchair":"Accessible boarding listed"},"geometry":{"type":"Point","coordinates":[-8.5871,52.65679]}},{"type":"Feature","id":"8500LL14308","properties":{"stop_id":"8500LL14308","stop_name":"An Airm","mode":"Bus","modes":"Bus","routes":"RN94","route_count":1,"wheelchair":"Accessible boarding listed"},"geometry":{"type":"Point","coordinates":[-8.50497,53.76849]}},{"type":"Feature","id":"8500LL14327","properties":{"stop_id":"8500LL14327","stop_name":"An Airm","mode":"Bus","modes":"Bus","routes":"RN94","route_count":1,"wheelchair":"Accessible boarding listed"},"geometry":{"type":"Point","coordinates":[-8.50506,53.76852]}},{"type":"Feature","id":"849000017","properties":{"stop_id":"849000017","stop_name":"An Bheithigh","mode":"Bus","modes":"Bus","routes":"499","route_count":1,"wheelchair":"Accessibility not listed"},"geometry":{"type":"Point","coordinates":[-9.47394,54.30854]}},{"type":"Feature","id":"8490PB14623","properties":{"stop_id":"8490PB14623","stop_name":"An Bheithigh","mode":"Bus","modes":"Bus","routes":"499","route_count":1,"wheelchair":"Accessible boarding listed"},"geometry":{"type":"Point","coordinates":[-9.47387,54.3084]}},{"type":"Feature","id":"853000020","properties":{"stop_id":"853000020","stop_name":"An Bun Beag","mode":"Bus","modes":"Bus","routes":"932 · 932A","route_count":2,"wheelchair":"Not listed as accessible"},"geometry":{"type":"Point","coordinates":[-8.300553,55.06089]}},{"type":"Feature","id":"853000021","properties":{"stop_id":"853000021","stop_name":"An Bun Beag","mode":"Bus","modes":"Bus","routes":"966","route_count":1,"wheelchair":"Not listed as accessible"},"geometry":{"type":"Point","coordinates":[-8.30012,55.06404]}},{"type":"Feature","id":"853000380","properties":{"stop_id":"853000380","stop_name":"An Bun Beag","mode":"Bus","modes":"Bus","routes":"964","route_count":1,"wheelchair":"Not listed as accessible"},"geometry":{"type":"Point","coordinates":[-8.30081,55.06118]}},{"type":"Feature","id":"8530LL10741","properties":{"stop_id":"8530LL10741","stop_name":"An Bun Beag","mode":"Bus","modes":"Bus","routes":"966","route_count":1,"wheelchair":"Not listed as accessible"},"geometry":{"type":"Point","coordinates":[-8.29989,55.06402]}},{"type":"Feature","id":"8530PB14564","properties":{"stop_id":"8530PB14564","stop_name":"An Bun Beag","mode":"Bus","modes":"Bus","routes":"932 · 964 · 932A","route_count":3,"wheelchair":"Not listed as accessible"},"geometry":{"type":"Point","coordinates":[-8.30055,55.06133]}},{"type":"Feature","id":"8390LL10657","properties":{"stop_id":"8390LL10657","stop_name":"An Bóthar Buí","mode":"Bus","modes":"Bus","routes":"268","route_count":1,"wheelchair":"Not listed as accessible"},"geometry":{"type":"Point","coordinates":[-10.35561,52.20016]}},{"type":"Feature","id":"8490B638041","properties":{"stop_id":"8490B638041","stop_name":"An Caiseal","mode":"Bus","modes":"Bus","routes":"450","route_count":1,"wheelchair":"Not listed as accessible"},"geometry":{"type":"Point","coordinates":[-9.976506,53.963172]}},{"type":"Feature","id":"8490B6380801","properties":{"stop_id":"8490B6380801","stop_name":"An Caiseal","mode":"Bus","modes":"Bus","routes":"450","route_count":1,"wheelchair":"Not listed as accessible"},"geometry":{"type":"Point","coordinates":[-9.976534,53.963127]}},{"type":"Feature","id":"8460B551281","properties":{"stop_id":"8460B551281","stop_name":"An Caisleán Gearr","mode":"Bus","modes":"Bus","routes":"425 · 427","route_count":2,"wheelchair":"Not listed as accessible"},"geometry":{"type":"Point","coordinates":[-9.015014,53.295427]}},{"type":"Feature","id":"8460B5512901","properties":{"stop_id":"8460B5512901","stop_name":"An Caisleán Gearr","mode":"Bus","modes":"Bus","routes":"425 · 427","route_count":2,"wheelchair":"Not listed as accessible"},"geometry":{"type":"Point","coordinates":[-9.014679,53.295844]}},{"type":"Feature","id":"8470B531071","properties":{"stop_id":"8470B531071","stop_name":"An Carn Mór","mode":"Bus","modes":"Bus","routes":"425A","route_count":1,"wheelchair":"Accessibility not listed"},"geometry":{"type":"Point","coordinates":[-8.933204,53.304544]}},{"type":"Feature","id":"8470B531081","properties":{"stop_id":"8470B531081","stop_name":"An Carn Mór","mode":"Bus","modes":"Bus","routes":"425A","route_count":1,"wheelchair":"Not listed as accessible"},"geometry":{"type":"Point","coordinates":[-8.933459,53.304542]}},{"type":"Feature","id":"8460B5243101","properties":{"stop_id":"8460B5243101","stop_name":"An Castan","mode":"Bus","modes":"Bus","routes":"409","route_count":1,"wheelchair":"Accessible boarding listed"},"geometry":{"type":"Point","coordinates":[-8.977482,53.280966]}},{"type":"Feature","id":"849000077","properties":{"stop_id":"849000077","stop_name":"An Ceann Ramhar","mode":"Bus","modes":"Bus","routes":"452","route_count":1,"wheelchair":"Not listed as accessible"},"geometry":{"type":"Point","coordinates":[-9.965758,54.063766]}},{"type":"Feature","id":"849000078","properties":{"stop_id":"849000078","stop_name":"An Ceann Ramhar","mode":"Bus","modes":"Bus","routes":"452 · 496","route_count":2,"wheelchair":"Not listed as accessible"},"geometry":{"type":"Point","coordinates":[-9.96613,54.06388]}},{"type":"Feature","id":"8530B1404101","properties":{"stop_id":"8530B1404101","stop_name":"An Charraig","mode":"Bus","modes":"Bus","routes":"293 · 490","route_count":2,"wheelchair":"Not listed as accessible"},"geometry":{"type":"Point","coordinates":[-8.633595,54.657865]}},{"type":"Feature","id":"8530B140461","properties":{"stop_id":"8530B140461","stop_name":"An Charraig","mode":"Bus","modes":"Bus","routes":"293 · 490","route_count":2,"wheelchair":"Not listed as accessible"},"geometry":{"type":"Point","coordinates":[-8.633347,54.657875]}},{"type":"Feature","id":"8470B535321","properties":{"stop_id":"8470B535321","stop_name":"An Cheathrú Rua","mode":"Bus","modes":"Bus","routes":"424 · 432","route_count":2,"wheelchair":"Accessible boarding listed"},"geometry":{"type":"Point","coordinates":[-9.598737,53.263918]}},{"type":"Feature","id":"8470B6311701","properties":{"stop_id":"8470B6311701","stop_name":"An Cheathrú Rua","mode":"Bus","modes":"Bus","routes":"424 · 431 · 432","route_count":3,"wheelchair":"Accessible boarding listed"},"geometry":{"type":"Point","coordinates":[-9.59881,53.26381]}},{"type":"Feature","id":"8390LL11000","properties":{"stop_id":"8390LL11000","stop_name":"An Chillín Liath","mode":"Bus","modes":"Bus","routes":"287b","route_count":1,"wheelchair":"Not listed as accessible"},"geometry":{"type":"Point","coordinates":[-10.06053,51.90597]}},{"type":"Feature","id":"847000015","properties":{"stop_id":"847000015","stop_name":"An Chluain","mode":"Bus","modes":"Bus","routes":"427","route_count":1,"wheelchair":"Not listed as accessible"},"geometry":{"type":"Point","coordinates":[-8.971956,53.323566]}},{"type":"Feature","id":"847000032","properties":{"stop_id":"847000032","stop_name":"An Chluain","mode":"Bus","modes":"Bus","routes":"427","route_count":1,"wheelchair":"Not listed as accessible"},"geometry":{"type":"Point","coordinates":[-8.972184,53.323699]}},{"type":"Feature","id":"8470B530331","properties":{"stop_id":"8470B530331","stop_name":"An Chreig Bhuí","mode":"Bus","modes":"Bus","routes":"417 · 425 · 427","route_count":3,"wheelchair":"Not listed as accessible"},"geometry":{"type":"Point","coordinates":[-8.960149,53.332541]}},{"type":"Feature","id":"8470B5318401","properties":{"stop_id":"8470B5318401","stop_name":"An Chreig Bhuí","mode":"Bus","modes":"Bus","routes":"417 · 425 · 427","route_count":3,"wheelchair":"Accessible boarding listed"},"geometry":{"type":"Point","coordinates":[-8.962088,53.331614]}},{"type":"Feature","id":"8470B530351","properties":{"stop_id":"8470B530351","stop_name":"An Cillín","mode":"Bus","modes":"Bus","routes":"417 · 425 · 427","route_count":3,"wheelchair":"Not listed as accessible"},"geometry":{"type":"Point","coordinates":[-8.98643,53.31311]}},{"type":"Feature","id":"8470B5337701","properties":{"stop_id":"8470B5337701","stop_name":"An Cillín","mode":"Bus","modes":"Bus","routes":"417 · 425","route_count":2,"wheelchair":"Not listed as accessible"},"geometry":{"type":"Point","coordinates":[-8.98648,53.313479]}},{"type":"Feature","id":"8460CD11465","properties":{"stop_id":"8460CD11465","stop_name":"An Cimín Mór","mode":"Bus","modes":"Bus","routes":"410 · 411 · 412","route_count":3,"wheelchair":"Accessible boarding listed"},"geometry":{"type":"Point","coordinates":[-9.12637,53.26289]}},{"type":"Feature","id":"8390LL11743","properties":{"stop_id":"8390LL11743","stop_name":"An Clochán","mode":"Bus","modes":"Bus","routes":"273","route_count":1,"wheelchair":"Not listed as accessible"},"geometry":{"type":"Point","coordinates":[-10.182617,52.232863]}},{"type":"Feature","id":"8390LL11748","properties":{"stop_id":"8390LL11748","stop_name":"An Clochán","mode":"Bus","modes":"Bus","routes":"273","route_count":1,"wheelchair":"Not listed as accessible"},"geometry":{"type":"Point","coordinates":[-10.182674,52.23259]}},{"type":"Feature","id":"853000050","properties":{"stop_id":"853000050","stop_name":"An Clochán","mode":"Bus","modes":"Bus","routes":"988","route_count":1,"wheelchair":"Not listed as accessible"},"geometry":{"type":"Point","coordinates":[-7.934241,54.841419]}},{"type":"Feature","id":"853000125","properties":{"stop_id":"853000125","stop_name":"An Clochán Liath","mode":"Bus","modes":"Bus","routes":"967","route_count":1,"wheelchair":"Not listed as accessible"},"geometry":{"type":"Point","coordinates":[-8.360488,54.949302]}},{"type":"Feature","id":"853000155","properties":{"stop_id":"853000155","stop_name":"An Clochán Liath","mode":"Bus","modes":"Bus","routes":"966 · 971","route_count":2,"wheelchair":"Accessible boarding listed"},"geometry":{"type":"Point","coordinates":[-8.36251,54.95012]}},{"type":"Feature","id":"8530B600061","properties":{"stop_id":"8530B600061","stop_name":"An Clochán Liath","mode":"Bus","modes":"Bus","routes":"492 · 961","route_count":2,"wheelchair":"Not listed as accessible"},"geometry":{"type":"Point","coordinates":[-8.360731,54.950244]}},{"type":"Feature","id":"8530PB14568","properties":{"stop_id":"8530PB14568","stop_name":"An Clochán Liath","mode":"Bus","modes":"Bus","routes":"961","route_count":1,"wheelchair":"Accessible boarding listed"},"geometry":{"type":"Point","coordinates":[-8.36078,54.95021]}},{"type":"Feature","id":"853000123","properties":{"stop_id":"853000123","stop_name":"An Clochán Liath 56","mode":"Bus","modes":"Bus","routes":"964","route_count":1,"wheelchair":"Not listed as accessible"},"geometry":{"type":"Point","coordinates":[-8.358173,54.950468]}},{"type":"Feature","id":"8530PB14628","properties":{"stop_id":"8530PB14628","stop_name":"An Clochán Liath N56","mode":"Bus","modes":"Bus","routes":"964","route_count":1,"wheelchair":"Accessible boarding listed"},"geometry":{"type":"Point","coordinates":[-8.35821,54.95042]}},{"type":"Feature","id":"8470B532981","properties":{"stop_id":"8470B532981","stop_name":"An Cnoc","mode":"Bus","modes":"Bus","routes":"424","route_count":1,"wheelchair":"Accessible boarding listed"},"geometry":{"type":"Point","coordinates":[-9.363685,53.245987]}},{"type":"Feature","id":"8470B535231","properties":{"stop_id":"8470B535231","stop_name":"An Cnoc","mode":"Bus","modes":"Bus","routes":"424 · 525","route_count":2,"wheelchair":"Not listed as accessible"},"geometry":{"type":"Point","coordinates":[-9.363581,53.246024]}},{"type":"Feature","id":"849000010","properties":{"stop_id":"849000010","stop_name":"An Corrán Buí","mode":"Bus","modes":"Bus","routes":"945","route_count":1,"wheelchair":"Not listed as accessible"},"geometry":{"type":"Point","coordinates":[-9.763339,54.29025]}},{"type":"Feature","id":"849000036","properties":{"stop_id":"849000036","stop_name":"An Corrán Buí","mode":"Bus","modes":"Bus","routes":"499","route_count":1,"wheelchair":"Not listed as accessible"},"geometry":{"type":"Point","coordinates":[-9.76389,54.290206]}},{"type":"Feature","id":"8490PB14619","properties":{"stop_id":"8490PB14619","stop_name":"An Corrán Buí","mode":"Bus","modes":"Bus","routes":"499","route_count":1,"wheelchair":"Not listed as accessible"},"geometry":{"type":"Point","coordinates":[-9.76411,54.29017]}},{"type":"Feature","id":"8470B520371","properties":{"stop_id":"8470B520371","stop_name":"An Currach Mór","mode":"Bus","modes":"Bus","routes":"456","route_count":1,"wheelchair":"Not listed as accessible"},"geometry":{"type":"Point","coordinates":[-9.019353,53.342197]}},{"type":"Feature","id":"8470B551951","properties":{"stop_id":"8470B551951","stop_name":"An Currach Mór","mode":"Bus","modes":"Bus","routes":"456","route_count":1,"wheelchair":"Not listed as accessible"},"geometry":{"type":"Point","coordinates":[-9.019361,53.341271]}},{"type":"Feature","id":"847000040","properties":{"stop_id":"847000040","stop_name":"An Cárán","mode":"Bus","modes":"Bus","routes":"427","route_count":1,"wheelchair":"Not listed as accessible"},"geometry":{"type":"Point","coordinates":[-8.91935,53.379003]}},{"type":"Feature","id":"847000041","properties":{"stop_id":"847000041","stop_name":"An Cárán","mode":"Bus","modes":"Bus","routes":"427","route_count":1,"wheelchair":"Not listed as accessible"},"geometry":{"type":"Point","coordinates":[-8.919184,53.378977]}},{"type":"Feature","id":"853000146","properties":{"stop_id":"853000146","stop_name":"An Céideadh","mode":"Bus","modes":"Bus","routes":"966","route_count":1,"wheelchair":"Not listed as accessible"},"geometry":{"type":"Point","coordinates":[-8.41868,54.99735]}},{"type":"Feature","id":"853000147","properties":{"stop_id":"853000147","stop_name":"An Céideadh","mode":"Bus","modes":"Bus","routes":"966","route_count":1,"wheelchair":"Not listed as accessible"},"geometry":{"type":"Point","coordinates":[-8.41859,54.99717]}},{"type":"Feature","id":"853000129","properties":{"stop_id":"853000129","stop_name":"An Dúchoraidh","mode":"Bus","modes":"Bus","routes":"961 · 967","route_count":2,"wheelchair":"Not listed as accessible"},"geometry":{"type":"Point","coordinates":[-8.207399,54.905778]}},{"type":"Feature","id":"8530PB14571","properties":{"stop_id":"8530PB14571","stop_name":"An Dúchoraidh","mode":"Bus","modes":"Bus","routes":"961 · 967","route_count":2,"wheelchair":"Accessible boarding listed"},"geometry":{"type":"Point","coordinates":[-8.2077,54.9058]}},{"type":"Feature","id":"8490B582201","properties":{"stop_id":"8490B582201","stop_name":"An Eachléim","mode":"Bus","modes":"Bus","routes":"446","route_count":1,"wheelchair":"Not listed as accessible"},"geometry":{"type":"Point","coordinates":[-10.101473,54.117195]}},{"type":"Feature","id":"8490B592511","properties":{"stop_id":"8490B592511","stop_name":"An Eachléim","mode":"Bus","modes":"Bus","routes":"446","route_count":1,"wheelchair":"Not listed as accessible"},"geometry":{"type":"Point","coordinates":[-10.101473,54.117195]}},{"type":"Feature","id":"847000046","properties":{"stop_id":"847000046","stop_name":"An Fhairche","mode":"Bus","modes":"Bus","routes":"431","route_count":1,"wheelchair":"Not listed as accessible"},"geometry":{"type":"Point","coordinates":[-9.362922,53.545318]}},{"type":"Feature","id":"8470LL14248","properties":{"stop_id":"8470LL14248","stop_name":"An Fhairche","mode":"Bus","modes":"Bus","routes":"431","route_count":1,"wheelchair":"Accessible boarding listed"},"geometry":{"type":"Point","coordinates":[-9.36264,53.54526]}},{"type":"Feature","id":"8390B332691","properties":{"stop_id":"8390B332691","stop_name":"An Fheothanach","mode":"Bus","modes":"Bus","routes":"268","route_count":1,"wheelchair":"Not listed as accessible"},"geometry":{"type":"Point","coordinates":[-10.349324,52.216312]}},{"type":"Feature","id":"8390B6356201","properties":{"stop_id":"8390B6356201","stop_name":"An Fheothanach","mode":"Bus","modes":"Bus","routes":"268","route_count":1,"wheelchair":"Accessible boarding listed"},"geometry":{"type":"Point","coordinates":[-10.349469,52.216273]}},{"type":"Feature","id":"8460B5241901","properties":{"stop_id":"8460B5241901","stop_name":"An Fiodan","mode":"Bus","modes":"Bus","routes":"409","route_count":1,"wheelchair":"Accessible boarding listed"},"geometry":{"type":"Point","coordinates":[-8.9787805013746,53.2819975658168]}},{"type":"Feature","id":"8460B5242901","properties":{"stop_id":"8460B5242901","stop_name":"An Fiodan","mode":"Bus","modes":"Bus","routes":"409","route_count":1,"wheelchair":"Accessible boarding listed"},"geometry":{"type":"Point","coordinates":[-8.97884437587302,53.2821678020861]}},{"type":"Feature","id":"853000008","properties":{"stop_id":"853000008","stop_name":"An Fál Carrach","mode":"Bus","modes":"Bus","routes":"964","route_count":1,"wheelchair":"Not listed as accessible"},"geometry":{"type":"Point","coordinates":[-8.10513,55.1363]}},{"type":"Feature","id":"853000103","properties":{"stop_id":"853000103","stop_name":"An Fál Carrach","mode":"Bus","modes":"Bus","routes":"932 · 965 · 966 · 932A","route_count":4,"wheelchair":"Not listed as accessible"},"geometry":{"type":"Point","coordinates":[-8.105888,55.136243]}},{"type":"Feature","id":"853000104","properties":{"stop_id":"853000104","stop_name":"An Fál Carrach","mode":"Bus","modes":"Bus","routes":"932 · 965 · 966 · 932A","route_count":4,"wheelchair":"Not listed as accessible"},"geometry":{"type":"Point","coordinates":[-8.105872,55.136207]}},{"type":"Feature","id":"853000378","properties":{"stop_id":"853000378","stop_name":"An Fál Carrach","mode":"Bus","modes":"Bus","routes":"964","route_count":1,"wheelchair":"Not listed as accessible"},"geometry":{"type":"Point","coordinates":[-8.105041,55.136387]}},{"type":"Feature","id":"8490B582211","properties":{"stop_id":"8490B582211","stop_name":"An Fód Dubh","mode":"Bus","modes":"Bus","routes":"446","route_count":1,"wheelchair":"Not listed as accessible"},"geometry":{"type":"Point","coordinates":[-10.06795,54.100223]}},{"type":"Feature","id":"8490B592251","properties":{"stop_id":"8490B592251","stop_name":"An Fód Dubh","mode":"Bus","modes":"Bus","routes":"446","route_count":1,"wheelchair":"Accessible boarding listed"},"geometry":{"type":"Point","coordinates":[-10.06364,54.09944]}},{"type":"Feature","id":"8490B582181","properties":{"stop_id":"8490B582181","stop_name":"An Geata Mór","mode":"Bus","modes":"Bus","routes":"446","route_count":1,"wheelchair":"Accessible boarding listed"},"geometry":{"type":"Point","coordinates":[-10.035993,54.204762]}},{"type":"Feature","id":"8490B584651","properties":{"stop_id":"8490B584651","stop_name":"An Geata Mór","mode":"Bus","modes":"Bus","routes":"446","route_count":1,"wheelchair":"Not listed as accessible"},"geometry":{"type":"Point","coordinates":[-10.035866,54.204684]}},{"type":"Feature","id":"8470B520391","properties":{"stop_id":"8470B520391","stop_name":"An Ghráinseach","mode":"Bus","modes":"Bus","routes":"456","route_count":1,"wheelchair":"Not listed as accessible"},"geometry":{"type":"Point","coordinates":[-9.018938,53.410396]}},{"type":"Feature","id":"8470B550361","properties":{"stop_id":"8470B550361","stop_name":"An Ghráinseach","mode":"Bus","modes":"Bus","routes":"456","route_count":1,"wheelchair":"Not listed as accessible"},"geometry":{"type":"Point","coordinates":[-9.018893,53.410405]}},{"type":"Feature","id":"8470B552532","properties":{"stop_id":"8470B552532","stop_name":"An Ghráinseach","mode":"Bus","modes":"Bus","routes":"435","route_count":1,"wheelchair":"Not listed as accessible"},"geometry":{"type":"Point","coordinates":[-9.02546,53.41594]}},{"type":"Feature","id":"8470PB14709","properties":{"stop_id":"8470PB14709","stop_name":"An Ghráinseach","mode":"Bus","modes":"Bus","routes":"435","route_count":1,"wheelchair":"Not listed as accessible"},"geometry":{"type":"Point","coordinates":[-9.02547,53.41576]}},{"type":"Feature","id":"8530LL10806","properties":{"stop_id":"8530LL10806","stop_name":"An Glaidhb","mode":"Bus","modes":"Bus","routes":"993","route_count":1,"wheelchair":"Not listed as accessible"},"geometry":{"type":"Point","coordinates":[-7.814506,55.217787]}},{"type":"Feature","id":"849000006","properties":{"stop_id":"849000006","stop_name":"An Gort Breac","mode":"Bus","modes":"Bus","routes":"947","route_count":1,"wheelchair":"Not listed as accessible"},"geometry":{"type":"Point","coordinates":[-9.859221,54.255342]}},{"type":"Feature","id":"8470B532761","properties":{"stop_id":"8470B532761","stop_name":"An Gort Mór","mode":"Bus","modes":"Bus","routes":"424 · 432","route_count":2,"wheelchair":"Not listed as accessible"},"geometry":{"type":"Point","coordinates":[-9.612209,53.387214]}},{"type":"Feature","id":"8470B532791","properties":{"stop_id":"8470B532791","stop_name":"An Gort Mór","mode":"Bus","modes":"Bus","routes":"424 · 432","route_count":2,"wheelchair":"Accessible boarding listed"},"geometry":{"type":"Point","coordinates":[-9.611498,53.386702]}},{"type":"Feature","id":"849000003","properties":{"stop_id":"849000003","stop_name":"An Gort Mór","mode":"Bus","modes":"Bus","routes":"437","route_count":1,"wheelchair":"Not listed as accessible"},"geometry":{"type":"Point","coordinates":[-9.418844,53.609799]}},{"type":"Feature","id":"849000014","properties":{"stop_id":"849000014","stop_name":"An Grianán","mode":"Bus","modes":"Bus","routes":"437","route_count":1,"wheelchair":"Not listed as accessible"},"geometry":{"type":"Point","coordinates":[-9.427772,53.624918]}},{"type":"Feature","id":"853000288","properties":{"stop_id":"853000288","stop_name":"An Grianán","mode":"Bus","modes":"Bus","routes":"974","route_count":1,"wheelchair":"Not listed as accessible"},"geometry":{"type":"Point","coordinates":[-7.730036,54.95331]}},{"type":"Feature","id":"846000259","properties":{"stop_id":"846000259","stop_name":"An Logan","mode":"Bus","modes":"Bus","routes":"412","route_count":1,"wheelchair":"Accessible boarding listed"},"geometry":{"type":"Point","coordinates":[-9.097709,53.270645]}},{"type":"Feature","id":"8460PB003660","properties":{"stop_id":"8460PB003660","stop_name":"An Logan","mode":"Bus","modes":"Bus","routes":"412","route_count":1,"wheelchair":"Accessible boarding listed"},"geometry":{"type":"Point","coordinates":[-9.097786,53.270743]}},{"type":"Feature","id":"8530LL10810","properties":{"stop_id":"8530LL10810","stop_name":"An Léana Mór","mode":"Bus","modes":"Bus","routes":"993","route_count":1,"wheelchair":"Not listed as accessible"},"geometry":{"type":"Point","coordinates":[-7.785562,55.16184]}},{"type":"Feature","id":"849000022","properties":{"stop_id":"849000022","stop_name":"An Léana Riabhach","mode":"Bus","modes":"Bus","routes":"947","route_count":1,"wheelchair":"Not listed as accessible"},"geometry":{"type":"Point","coordinates":[-9.658027,54.236494]}},{"type":"Feature","id":"8530LL10750","properties":{"stop_id":"8530LL10750","stop_name":"An Machaire","mode":"Bus","modes":"Bus","routes":"967","route_count":1,"wheelchair":"Not listed as accessible"},"geometry":{"type":"Point","coordinates":[-8.442654,54.92912]}},{"type":"Feature","id":"8390B530451","properties":{"stop_id":"8390B530451","stop_name":"An Mhuiríoch","mode":"Bus","modes":"Bus","routes":"268","route_count":1,"wheelchair":"Not listed as accessible"},"geometry":{"type":"Point","coordinates":[-10.362911,52.185491]}},{"type":"Feature","id":"8390B6369401","properties":{"stop_id":"8390B6369401","stop_name":"An Mhuiríoch","mode":"Bus","modes":"Bus","routes":"268","route_count":1,"wheelchair":"Not listed as accessible"},"geometry":{"type":"Point","coordinates":[-10.362921,52.185679]}},{"type":"Feature","id":"847000048","properties":{"stop_id":"847000048","stop_name":"An Mám","mode":"Bus","modes":"Bus","routes":"431","route_count":1,"wheelchair":"Not listed as accessible"},"geometry":{"type":"Point","coordinates":[-9.55997,53.51533]}},{"type":"Feature","id":"8470B533651","properties":{"stop_id":"8470B533651","stop_name":"An Mám","mode":"Bus","modes":"Bus","routes":"431","route_count":1,"wheelchair":"Not listed as accessible"},"geometry":{"type":"Point","coordinates":[-9.56032,53.51531]}},{"type":"Feature","id":"847000057","properties":{"stop_id":"847000057","stop_name":"An Phéic","mode":"Bus","modes":"Bus","routes":"427","route_count":1,"wheelchair":"Not listed as accessible"},"geometry":{"type":"Point","coordinates":[-8.925146,53.365558]}},{"type":"Feature","id":"847000087","properties":{"stop_id":"847000087","stop_name":"An Phéic","mode":"Bus","modes":"Bus","routes":"427","route_count":1,"wheelchair":"Not listed as accessible"},"geometry":{"type":"Point","coordinates":[-8.925604,53.363802]}},{"type":"Feature","id":"847000312","properties":{"stop_id":"847000312","stop_name":"An Poll Caoin","mode":"Bus","modes":"Bus","routes":"427","route_count":1,"wheelchair":"Not listed as accessible"},"geometry":{"type":"Point","coordinates":[-8.992224,53.308822]}},{"type":"Feature","id":"847000314","properties":{"stop_id":"847000314","stop_name":"An Poll Caoin","mode":"Bus","modes":"Bus","routes":"427","route_count":1,"wheelchair":"Not listed as accessible"},"geometry":{"type":"Point","coordinates":[-8.992163,53.308777]}},{"type":"Feature","id":"8230DB007440","properties":{"stop_id":"8230DB007440","stop_name":"An Post Edmonstown","mode":"Bus","modes":"Bus","routes":"161","route_count":1,"wheelchair":"Accessible boarding listed"},"geometry":{"type":"Point","coordinates":[-6.297205,53.27613]}},{"type":"Feature","id":"845000215","properties":{"stop_id":"845000215","stop_name":"An Rinn","mode":"Bus","modes":"Bus","routes":"361","route_count":1,"wheelchair":"Accessibility not listed"},"geometry":{"type":"Point","coordinates":[-7.58241,52.047181]}},{"type":"Feature","id":"8450LL11634","properties":{"stop_id":"8450LL11634","stop_name":"An Rinn","mode":"Bus","modes":"Bus","routes":"361","route_count":1,"wheelchair":"Accessible boarding listed"},"geometry":{"type":"Point","coordinates":[-7.579691,52.047866]}},{"type":"Feature","id":"849000394","properties":{"stop_id":"849000394","stop_name":"An Ráith Theas","mode":"Bus","modes":"Bus","routes":"452 · 496","route_count":2,"wheelchair":"Not listed as accessible"},"geometry":{"type":"Point","coordinates":[-9.939779,54.081678]}},{"type":"Feature","id":"8490PB14430","properties":{"stop_id":"8490PB14430","stop_name":"An Ráith Theas","mode":"Bus","modes":"Bus","routes":"452 · 496","route_count":2,"wheelchair":"Not listed as accessible"},"geometry":{"type":"Point","coordinates":[-9.93944,54.08153]}},{"type":"Feature","id":"849000086","properties":{"stop_id":"849000086","stop_name":"An Ráith Thuaidh","mode":"Bus","modes":"Bus","routes":"946","route_count":1,"wheelchair":"Not listed as accessible"},"geometry":{"type":"Point","coordinates":[-9.972435,54.098012]}},{"type":"Feature","id":"8460B5242301","properties":{"stop_id":"8460B5242301","stop_name":"An Sean Bhaile","mode":"Bus","modes":"Bus","routes":"409","route_count":1,"wheelchair":"Accessible boarding listed"},"geometry":{"type":"Point","coordinates":[-8.98588234076402,53.288239231478]}},{"type":"Feature","id":"836000041","properties":{"stop_id":"836000041","stop_name":"An Sean Dún","mode":"Bus","modes":"Bus","routes":"342 · 344 · NS2","route_count":3,"wheelchair":"Accessible boarding listed"},"geometry":{"type":"Point","coordinates":[-8.95703,52.855957]}},{"type":"Feature","id":"8360B346101","properties":{"stop_id":"8360B346101","stop_name":"An Sean Dún","mode":"Bus","modes":"Bus","routes":"342 · 344 · NS2","route_count":3,"wheelchair":"Not listed as accessible"},"geometry":{"type":"Point","coordinates":[-8.956338,52.856015]}},{"type":"Feature","id":"845000213","properties":{"stop_id":"845000213","stop_name":"An Seanphobal","mode":"Bus","modes":"Bus","routes":"361","route_count":1,"wheelchair":"Not listed as accessible"},"geometry":{"type":"Point","coordinates":[-7.63967,52.006541]}},{"type":"Feature","id":"8450LL11636","properties":{"stop_id":"8450LL11636","stop_name":"An Seanphobal","mode":"Bus","modes":"Bus","routes":"361","route_count":1,"wheelchair":"Not listed as accessible"},"geometry":{"type":"Point","coordinates":[-7.63971,52.00638]}},{"type":"Feature","id":"8530LL10807","properties":{"stop_id":"8530LL10807","stop_name":"An Sibín Ceoil","mode":"Bus","modes":"Bus","routes":"993","route_count":1,"wheelchair":"Not listed as accessible"},"geometry":{"type":"Point","coordinates":[-7.818789,55.209124]}},{"type":"Feature","id":"8470B5349001","properties":{"stop_id":"8470B5349001","stop_name":"An Spidéal","mode":"Bus","modes":"Bus","routes":"424 · 525","route_count":2,"wheelchair":"Accessible boarding listed"},"geometry":{"type":"Point","coordinates":[-9.306313,53.244086]}},{"type":"Feature","id":"8470B535221","properties":{"stop_id":"8470B535221","stop_name":"An Spidéal","mode":"Bus","modes":"Bus","routes":"424","route_count":1,"wheelchair":"Accessible boarding listed"},"geometry":{"type":"Point","coordinates":[-9.308366,53.244099]}},{"type":"Feature","id":"849000205","properties":{"stop_id":"849000205","stop_name":"An Tamhnaigh","mode":"Bus","modes":"Bus","routes":"437","route_count":1,"wheelchair":"Not listed as accessible"},"geometry":{"type":"Point","coordinates":[-9.33767,53.683234]}},{"type":"Feature","id":"849000206","properties":{"stop_id":"849000206","stop_name":"An Tamhnaigh","mode":"Bus","modes":"Bus","routes":"437","route_count":1,"wheelchair":"Not listed as accessible"},"geometry":{"type":"Point","coordinates":[-9.337517,53.683191]}},{"type":"Feature","id":"8530LL10804","properties":{"stop_id":"8530LL10804","stop_name":"An tArd Bán","mode":"Bus","modes":"Bus","routes":"993","route_count":1,"wheelchair":"Not listed as accessible"},"geometry":{"type":"Point","coordinates":[-7.856003,55.210575]}},{"type":"Feature","id":"853000022","properties":{"stop_id":"853000022","stop_name":"An Tearmann","mode":"Bus","modes":"Bus","routes":"965","route_count":1,"wheelchair":"Not listed as accessible"},"geometry":{"type":"Point","coordinates":[-7.816605,55.048284]}},{"type":"Feature","id":"8530PB14632","properties":{"stop_id":"8530PB14632","stop_name":"An Tearmann","mode":"Bus","modes":"Bus","routes":"965","route_count":1,"wheelchair":"Not listed as accessible"},"geometry":{"type":"Point","coordinates":[-7.81683,55.04809]}},{"type":"Feature","id":"849000016","properties":{"stop_id":"849000016","stop_name":"An tInbhear","mode":"Bus","modes":"Bus","routes":"947","route_count":1,"wheelchair":"Not listed as accessible"},"geometry":{"type":"Point","coordinates":[-9.865317,54.253001]}},{"type":"Feature","id":"8490PB14613","properties":{"stop_id":"8490PB14613","stop_name":"An tInbhear","mode":"Bus","modes":"Bus","routes":"498","route_count":1,"wheelchair":"Not listed as accessible"},"geometry":{"type":"Point","coordinates":[-9.86501,54.24962]}},{"type":"Feature","id":"8520PB14501","properties":{"stop_id":"8520PB14501","stop_name":"An Tor Aonarach","mode":"Bus","modes":"Bus","routes":"VI01","route_count":1,"wheelchair":"Not listed as accessible"},"geometry":{"type":"Point","coordinates":[-6.81472,53.90605]}},{"type":"Feature","id":"8520PB14502","properties":{"stop_id":"8520PB14502","stop_name":"An Tor Aonarach","mode":"Bus","modes":"Bus","routes":"VI01","route_count":1,"wheelchair":"Not listed as accessible"},"geometry":{"type":"Point","coordinates":[-6.81514,53.9058]}},{"type":"Feature","id":"849000338","properties":{"stop_id":"849000338","stop_name":"An Trian Láir","mode":"Bus","modes":"Bus","routes":"437","route_count":1,"wheelchair":"Not listed as accessible"},"geometry":{"type":"Point","coordinates":[-9.354109,53.662909]}},{"type":"Feature","id":"849000339","properties":{"stop_id":"849000339","stop_name":"An Trian Láir","mode":"Bus","modes":"Bus","routes":"437","route_count":1,"wheelchair":"Not listed as accessible"},"geometry":{"type":"Point","coordinates":[-9.354002,53.662856]}},{"type":"Feature","id":"849000088","properties":{"stop_id":"849000088","stop_name":"An tSraith","mode":"Bus","modes":"Bus","routes":"946","route_count":1,"wheelchair":"Not listed as accessible"},"geometry":{"type":"Point","coordinates":[-9.933465,54.167416]}},{"type":"Feature","id":"849000279","properties":{"stop_id":"849000279","stop_name":"An tSraith","mode":"Bus","modes":"Bus","routes":"437","route_count":1,"wheelchair":"Not listed as accessible"},"geometry":{"type":"Point","coordinates":[-9.334407,53.695448]}},{"type":"Feature","id":"849000280","properties":{"stop_id":"849000280","stop_name":"An tSraith","mode":"Bus","modes":"Bus","routes":"437","route_count":1,"wheelchair":"Not listed as accessible"},"geometry":{"type":"Point","coordinates":[-9.33421,53.695423]}},{"type":"Feature","id":"853000041","properties":{"stop_id":"853000041","stop_name":"Anagaire","mode":"Bus","modes":"Bus","routes":"932 · 961 · 964 · 966 · 932A","route_count":5,"wheelchair":"Not listed as accessible"},"geometry":{"type":"Point","coordinates":[-8.318559,55.022032]}},{"type":"Feature","id":"853000042","properties":{"stop_id":"853000042","stop_name":"Anagaire","mode":"Bus","modes":"Bus","routes":"961 · 964","route_count":2,"wheelchair":"Not listed as accessible"},"geometry":{"type":"Point","coordinates":[-8.3186,55.02197]}},{"type":"Feature","id":"8530LL10794","properties":{"stop_id":"8530LL10794","stop_name":"Anagaire","mode":"Bus","modes":"Bus","routes":"932 · 966 · 932A","route_count":3,"wheelchair":"Not listed as accessible"},"geometry":{"type":"Point","coordinates":[-8.31725,55.02173]}},{"type":"Feature","id":"8540LL11582","properties":{"stop_id":"8540LL11582","stop_name":"Analore St","mode":"Bus","modes":"Bus","routes":"176","route_count":1,"wheelchair":"Accessible boarding listed"},"geometry":{"type":"Point","coordinates":[-7.228732,54.177525]}},{"type":"Feature","id":"8540LL11583","properties":{"stop_id":"8540LL11583","stop_name":"Analore St","mode":"Bus","modes":"Bus","routes":"176","route_count":1,"wheelchair":"Accessible boarding listed"},"geometry":{"type":"Point","coordinates":[-7.229114,54.177552]}},{"type":"Feature","id":"847000260","properties":{"stop_id":"847000260","stop_name":"Anbally","mode":"Bus","modes":"Bus","routes":"427","route_count":1,"wheelchair":"Not listed as accessible"},"geometry":{"type":"Point","coordinates":[-8.902457,53.425928]}},{"type":"Feature","id":"847000261","properties":{"stop_id":"847000261","stop_name":"Anbally","mode":"Bus","modes":"Bus","routes":"427","route_count":1,"wheelchair":"Not listed as accessible"},"geometry":{"type":"Point","coordinates":[-8.902724,53.425737]}},{"type":"Feature","id":"847000271","properties":{"stop_id":"847000271","stop_name":"Anbally","mode":"Bus","modes":"Bus","routes":"441","route_count":1,"wheelchair":"Not listed as accessible"},"geometry":{"type":"Point","coordinates":[-8.904196,53.422095]}},{"type":"Feature","id":"8470PB14389","properties":{"stop_id":"8470PB14389","stop_name":"Anbally","mode":"Bus","modes":"Bus","routes":"441","route_count":1,"wheelchair":"Not listed as accessible"},"geometry":{"type":"Point","coordinates":[-8.9044,53.42201]}},{"type":"Feature","id":"8430B3348501","properties":{"stop_id":"8430B3348501","stop_name":"Annacarty","mode":"Bus","modes":"Bus","routes":"332","route_count":1,"wheelchair":"Accessible boarding listed"},"geometry":{"type":"Point","coordinates":[-8.112689,52.565526]}},{"type":"Feature","id":"8430B335151","properties":{"stop_id":"8430B335151","stop_name":"Annacarty","mode":"Bus","modes":"Bus","routes":"332","route_count":1,"wheelchair":"Not listed as accessible"},"geometry":{"type":"Point","coordinates":[-8.11294,52.565562]}},{"type":"Feature","id":"8410B1554701","properties":{"stop_id":"8410B1554701","stop_name":"Annacotty","mode":"Bus","modes":"Bus","routes":"72 · 300 · 323 · 332 · 323X","route_count":5,"wheelchair":"Not listed as accessible"},"geometry":{"type":"Point","coordinates":[-8.531141,52.668804]}},{"type":"Feature","id":"8410B1554601","properties":{"stop_id":"8410B1554601","stop_name":"Annacotty Br","mode":"Bus","modes":"Bus","routes":"72 · 300 · 323 · 332 · 323X","route_count":5,"wheelchair":"Accessible boarding listed"},"geometry":{"type":"Point","coordinates":[-8.525609,52.669844]}},{"type":"Feature","id":"8350LL10432","properties":{"stop_id":"8350LL10432","stop_name":"Annacurragh","mode":"Bus","modes":"Bus","routes":"800 · 800a","route_count":2,"wheelchair":"Not listed as accessible"},"geometry":{"type":"Point","coordinates":[-6.353256,52.838814]}},{"type":"Feature","id":"8350LL12845","properties":{"stop_id":"8350LL12845","stop_name":"Annacurragh","mode":"Bus","modes":"Bus","routes":"800 · 800a","route_count":2,"wheelchair":"Not listed as accessible"},"geometry":{"type":"Point","coordinates":[-6.353498,52.838915]}},{"type":"Feature","id":"8300B107041","properties":{"stop_id":"8300B107041","stop_name":"Annagassan","mode":"Bus","modes":"Bus","routes":"168","route_count":1,"wheelchair":"Not listed as accessible"},"geometry":{"type":"Point","coordinates":[-6.34299895248997,53.8823653671508]}},{"type":"Feature","id":"8300B109661","properties":{"stop_id":"8300B109661","stop_name":"Annagassan","mode":"Bus","modes":"Bus","routes":"168","route_count":1,"wheelchair":"Not listed as accessible"},"geometry":{"type":"Point","coordinates":[-6.34279250526048,53.8822007459163]}},{"type":"Feature","id":"8470PB000776","properties":{"stop_id":"8470PB000776","stop_name":"Annagh","mode":"Bus","modes":"Bus","routes":"527","route_count":1,"wheelchair":"Not listed as accessible"},"geometry":{"type":"Point","coordinates":[-8.81173,53.4114]}},{"type":"Feature","id":"8470PB14633","properties":{"stop_id":"8470PB14633","stop_name":"Annagh","mode":"Bus","modes":"Bus","routes":"527","route_count":1,"wheelchair":"Not listed as accessible"},"geometry":{"type":"Point","coordinates":[-8.81161,53.41138]}},{"type":"Feature","id":"8300B107091","properties":{"stop_id":"8300B107091","stop_name":"Annaghvacky","mode":"Bus","modes":"Bus","routes":"162","route_count":1,"wheelchair":"Not listed as accessible"},"geometry":{"type":"Point","coordinates":[-6.54645367271378,54.0350648731087]}},{"type":"Feature","id":"8350B1334901","properties":{"stop_id":"8350B1334901","stop_name":"Annalecky","mode":"Bus","modes":"Bus","routes":"132","route_count":1,"wheelchair":"Not listed as accessible"},"geometry":{"type":"Point","coordinates":[-6.635333,53.037356]}},{"type":"Feature","id":"8350B136191","properties":{"stop_id":"8350B136191","stop_name":"Annalecky","mode":"Bus","modes":"Bus","routes":"132","route_count":1,"wheelchair":"Not listed as accessible"},"geometry":{"type":"Point","coordinates":[-6.63547,53.037259]}},{"type":"Feature","id":"8520LL10001","properties":{"stop_id":"8520LL10001","stop_name":"Annalee Mnr","mode":"Bus","modes":"Bus","routes":"C1 · C3 · 176","route_count":3,"wheelchair":"Accessible boarding listed"},"geometry":{"type":"Point","coordinates":[-7.321641,54.04182]}},{"type":"Feature","id":"8520LL11477","properties":{"stop_id":"8520LL11477","stop_name":"Annalee Mnr","mode":"Bus","modes":"Bus","routes":"C1 · C3 · 176","route_count":3,"wheelchair":"Accessible boarding listed"},"geometry":{"type":"Point","coordinates":[-7.321495,54.042011]}},{"type":"Feature","id":"8300B139401","properties":{"stop_id":"8300B139401","stop_name":"Annaloughan","mode":"Bus","modes":"Bus","routes":"161","route_count":1,"wheelchair":"Accessible boarding listed"},"geometry":{"type":"Point","coordinates":[-6.27677735696892,54.0022397056003]}},{"type":"Feature","id":"8350LL10013","properties":{"stop_id":"8350LL10013","stop_name":"Annamoe","mode":"Bus","modes":"Bus","routes":"181 · 183","route_count":2,"wheelchair":"Not listed as accessible"},"geometry":{"type":"Point","coordinates":[-6.253385,53.0313]}},{"type":"Feature","id":"8350LL10450","properties":{"stop_id":"8350LL10450","stop_name":"Annamoe","mode":"Bus","modes":"Bus","routes":"181 · 183","route_count":2,"wheelchair":"Accessible boarding listed"},"geometry":{"type":"Point","coordinates":[-6.2534,53.03144]}},{"type":"Feature","id":"8350LL14276","properties":{"stop_id":"8350LL14276","stop_name":"Annamoe South","mode":"Bus","modes":"Bus","routes":"183","route_count":1,"wheelchair":"Not listed as accessible"},"geometry":{"type":"Point","coordinates":[-6.2643,53.02794]}},{"type":"Feature","id":"8350LL14447","properties":{"stop_id":"8350LL14447","stop_name":"Annamoe South","mode":"Bus","modes":"Bus","routes":"183","route_count":1,"wheelchair":"Not listed as accessible"},"geometry":{"type":"Point","coordinates":[-6.26363,53.028]}},{"type":"Feature","id":"8220DB000800","properties":{"stop_id":"8220DB000800","stop_name":"Annamore Parade","mode":"Bus","modes":"Bus","routes":"11 · 11B","route_count":2,"wheelchair":"Accessible boarding listed"},"geometry":{"type":"Point","coordinates":[-6.28461,53.358065]}},{"type":"Feature","id":"8220DB000812","properties":{"stop_id":"8220DB000812","stop_name":"Annamore Parade","mode":"Bus","modes":"Bus","routes":"11 · 11B","route_count":2,"wheelchair":"Accessible boarding listed"},"geometry":{"type":"Point","coordinates":[-6.284227,53.358266]}},{"type":"Feature","id":"8220DB000801","properties":{"stop_id":"8220DB000801","stop_name":"Annamore Road","mode":"Bus","modes":"Bus","routes":"11 · 11B","route_count":2,"wheelchair":"Accessible boarding listed"},"geometry":{"type":"Point","coordinates":[-6.287639,53.35747]}},{"type":"Feature","id":"8220DB000811","properties":{"stop_id":"8220DB000811","stop_name":"Annamore Road","mode":"Bus","modes":"Bus","routes":"11 · 11B","route_count":2,"wheelchair":"Accessible boarding listed"},"geometry":{"type":"Point","coordinates":[-6.287485,53.357567]}},{"type":"Feature","id":"8390B635701","properties":{"stop_id":"8390B635701","stop_name":"Annascaul","mode":"Bus","modes":"Bus","routes":"275 · 276","route_count":2,"wheelchair":"Accessible boarding listed"},"geometry":{"type":"Point","coordinates":[-10.054633,52.151438]}},{"type":"Feature","id":"8390B6368701","properties":{"stop_id":"8390B6368701","stop_name":"Annascaul","mode":"Bus","modes":"Bus","routes":"275 · 276","route_count":2,"wheelchair":"Accessible boarding listed"},"geometry":{"type":"Point","coordinates":[-10.053936,52.151774]}},{"type":"Feature","id":"8250DB007421","properties":{"stop_id":"8250DB007421","stop_name":"Annaville Terrace","mode":"Bus","modes":"Bus","routes":"7B · 7D · L25 · L26","route_count":4,"wheelchair":"Accessibility not listed"},"geometry":{"type":"Point","coordinates":[-6.17615183874799,53.2894131851474]}},{"type":"Feature","id":"8230DB001132","properties":{"stop_id":"8230DB001132","stop_name":"Anne Devlin Road","mode":"Bus","modes":"Bus","routes":"S6","route_count":1,"wheelchair":"Accessible boarding listed"},"geometry":{"type":"Point","coordinates":[-6.304837,53.29435]}},{"type":"Feature","id":"830000068","properties":{"stop_id":"830000068","stop_name":"Anne Street","mode":"Bus","modes":"Bus","routes":"918","route_count":1,"wheelchair":"Not listed as accessible"},"geometry":{"type":"Point","coordinates":[-6.40714720618895,54.0006412451569]}},{"type":"Feature","id":"830000070","properties":{"stop_id":"830000070","stop_name":"Anne Street","mode":"Bus","modes":"Bus","routes":"918","route_count":1,"wheelchair":"Not listed as accessible"},"geometry":{"type":"Point","coordinates":[-6.407216,54.000831]}},{"type":"Feature","id":"8430B345651","properties":{"stop_id":"8430B345651","stop_name":"Annerville","mode":"Bus","modes":"Bus","routes":"355","route_count":1,"wheelchair":"Accessible boarding listed"},"geometry":{"type":"Point","coordinates":[-7.646572,52.360298]}},{"type":"Feature","id":"8430B345661","properties":{"stop_id":"8430B345661","stop_name":"Annerville","mode":"Bus","modes":"Bus","routes":"355","route_count":1,"wheelchair":"Not listed as accessible"},"geometry":{"type":"Point","coordinates":[-7.648145,52.360114]}},{"type":"Feature","id":"8330B455721","properties":{"stop_id":"8330B455721","stop_name":"Annesfield Woods","mode":"Bus","modes":"Bus","routes":"A1 · A2 · 548","route_count":3,"wheelchair":"Accessible boarding listed"},"geometry":{"type":"Point","coordinates":[-7.96213,53.42436]}},{"type":"Feature","id":"8330B5001401","properties":{"stop_id":"8330B5001401","stop_name":"Annesfield Woods","mode":"Bus","modes":"Bus","routes":"A1 · A2 · 548","route_count":3,"wheelchair":"Accessible boarding listed"},"geometry":{"type":"Point","coordinates":[-7.96199,53.42449]}},{"type":"Feature","id":"8220DB000521","properties":{"stop_id":"8220DB000521","stop_name":"Annesley Br Road","mode":"Bus","modes":"Bus","routes":"29n · 31n","route_count":2,"wheelchair":"Accessible boarding listed"},"geometry":{"type":"Point","coordinates":[-6.237978,53.361637]}},{"type":"Feature","id":"8220DB008529","properties":{"stop_id":"8220DB008529","stop_name":"Annesley Place","mode":"Bus","modes":"Bus","routes":"53","route_count":1,"wheelchair":"Not listed as accessible"},"geometry":{"type":"Point","coordinates":[-6.2406,53.3597]}},{"type":"Feature","id":"845000217","properties":{"stop_id":"845000217","stop_name":"Annestown","mode":"Bus","modes":"Bus","routes":"367","route_count":1,"wheelchair":"Accessible boarding listed"},"geometry":{"type":"Point","coordinates":[-7.27697,52.14141]}},{"type":"Feature","id":"8450LL11875","properties":{"stop_id":"8450LL11875","stop_name":"Annestown","mode":"Bus","modes":"Bus","routes":"367","route_count":1,"wheelchair":"Not listed as accessible"},"geometry":{"type":"Point","coordinates":[-7.27695,52.14129]}},{"type":"Feature","id":"8250DB000879","properties":{"stop_id":"8250DB000879","stop_name":"Annsbrook","mode":"Bus","modes":"Bus","routes":"11","route_count":1,"wheelchair":"Accessible boarding listed"},"geometry":{"type":"Point","coordinates":[-6.237875,53.309504]}},{"type":"Feature","id":"8540B105251","properties":{"stop_id":"8540B105251","stop_name":"Annyalla","mode":"Bus","modes":"Bus","routes":"162 · 182","route_count":2,"wheelchair":"Not listed as accessible"},"geometry":{"type":"Point","coordinates":[-6.791215,54.16141]}},{"type":"Feature","id":"8540B109101","properties":{"stop_id":"8540B109101","stop_name":"Annyalla","mode":"Bus","modes":"Bus","routes":"182","route_count":1,"wheelchair":"Not listed as accessible"},"geometry":{"type":"Point","coordinates":[-6.79156794505004,54.1613863210775]}},{"type":"Feature","id":"8220DB000849","properties":{"stop_id":"8220DB000849","stop_name":"Appian Way","mode":"Bus","modes":"Bus","routes":"11 · S2 · 511","route_count":3,"wheelchair":"Accessible boarding listed"},"geometry":{"type":"Point","coordinates":[-6.247927,53.327898]}},{"type":"Feature","id":"8220DB000904","properties":{"stop_id":"8220DB000904","stop_name":"Appian Way","mode":"Bus","modes":"Bus","routes":"11 · S2 · 511","route_count":3,"wheelchair":"Accessible boarding listed"},"geometry":{"type":"Point","coordinates":[-6.248848,53.327417]}},{"type":"Feature","id":"8240DB004919","properties":{"stop_id":"8240DB004919","stop_name":"Applewood","mode":"Bus","modes":"Bus","routes":"41C · 500 · 501 · 503 · 506 · 500N · 500X · KL01","route_count":8,"wheelchair":"Not listed as accessible"},"geometry":{"type":"Point","coordinates":[-6.231837,53.469592]}},{"type":"Feature","id":"8240DB004922","properties":{"stop_id":"8240DB004922","stop_name":"Applewood","mode":"Bus","modes":"Bus","routes":"41C · 41X · 500 · 503 · 505 · 507 · 500X · 506X · KL01","route_count":9,"wheelchair":"Not listed as accessible"},"geometry":{"type":"Point","coordinates":[-6.230851,53.469406]}},{"type":"Feature","id":"8240DB001818","properties":{"stop_id":"8240DB001818","stop_name":"Aquatic Centre","mode":"Bus","modes":"Bus","routes":"38 · 220 · 238 · 38A · 220A","route_count":5,"wheelchair":"Accessible boarding listed"},"geometry":{"type":"Point","coordinates":[-6.372257,53.397563]}},{"type":"Feature","id":"8240DB001836","properties":{"stop_id":"8240DB001836","stop_name":"Aquatic Centre","mode":"Bus","modes":"Bus","routes":"38 · 220 · 238 · 38A · 38B · 220A","route_count":6,"wheelchair":"Accessible boarding listed"},"geometry":{"type":"Point","coordinates":[-6.371533,53.398012]}},{"type":"Feature","id":"8240DB004974","properties":{"stop_id":"8240DB004974","stop_name":"Aquatic Centre","mode":"Bus","modes":"Bus","routes":"38 · N4 · 236 · 38B · 236T","route_count":5,"wheelchair":"Accessible boarding listed"},"geometry":{"type":"Point","coordinates":[-6.36941989342409,53.3989987856538]}},{"type":"Feature","id":"8240DB006274","properties":{"stop_id":"8240DB006274","stop_name":"Aquatic Centre","mode":"Bus","modes":"Bus","routes":"N4 · 236 · 236T","route_count":3,"wheelchair":"Accessible boarding listed"},"geometry":{"type":"Point","coordinates":[-6.37145537264096,53.3976783860066]}},{"type":"Feature","id":"8460B5237701","properties":{"stop_id":"8460B5237701","stop_name":"Ar Thír Oileáin Tar","mode":"Bus","modes":"Bus","routes":"407","route_count":1,"wheelchair":"Accessible boarding listed"},"geometry":{"type":"Point","coordinates":[-9.045947,53.291772]}},{"type":"Feature","id":"8460B526081","properties":{"stop_id":"8460B526081","stop_name":"Ar Thír Oileáin Tar","mode":"Bus","modes":"Bus","routes":"407","route_count":1,"wheelchair":"Accessible boarding listed"},"geometry":{"type":"Point","coordinates":[-9.046286,53.291535]}},{"type":"Feature","id":"8460B5237801","properties":{"stop_id":"8460B5237801","stop_name":"Ar Thír Oileáin Tor","mode":"Bus","modes":"Bus","routes":"407","route_count":1,"wheelchair":"Accessible boarding listed"},"geometry":{"type":"Point","coordinates":[-9.043504,53.291254]}},{"type":"Feature","id":"8460B526071","properties":{"stop_id":"8460B526071","stop_name":"Ar Thír Oileáin Tor","mode":"Bus","modes":"Bus","routes":"407","route_count":1,"wheelchair":"Accessible boarding listed"},"geometry":{"type":"Point","coordinates":[-9.043711,53.291135]}},{"type":"Feature","id":"8250DB003555","properties":{"stop_id":"8250DB003555","stop_name":"Aran Avenue","mode":"Bus","modes":"Bus","routes":"7B · 45A · 45B","route_count":3,"wheelchair":"Accessible boarding listed"},"geometry":{"type":"Point","coordinates":[-6.121778,53.244912]}},{"type":"Feature","id":"8230DB006150","properties":{"stop_id":"8230DB006150","stop_name":"Aras na Cluaine","mode":"Bus","modes":"Bus","routes":"151","route_count":1,"wheelchair":"Not listed as accessible"},"geometry":{"type":"Point","coordinates":[-6.38512,53.32828]}},{"type":"Feature","id":"8230DB006152","properties":{"stop_id":"8230DB006152","stop_name":"Aras na Cluaine","mode":"Bus","modes":"Bus","routes":"151","route_count":1,"wheelchair":"Accessible boarding listed"},"geometry":{"type":"Point","coordinates":[-6.384168,53.328428]}},{"type":"Feature","id":"8440B3524601","properties":{"stop_id":"8440B3524601","stop_name":"Arbour Road","mode":"Bus","modes":"Bus","routes":"W2","route_count":1,"wheelchair":"Not listed as accessible"},"geometry":{"type":"Point","coordinates":[-7.13335,52.252597]}},{"type":"Feature","id":"8460B5229001","properties":{"stop_id":"8460B5229001","stop_name":"Arbutus Avenue","mode":"Bus","modes":"Bus","routes":"402","route_count":1,"wheelchair":"Not listed as accessible"},"geometry":{"type":"Point","coordinates":[-9.02357157141729,53.2724902891581]}},{"type":"Feature","id":"8330B455851","properties":{"stop_id":"8330B455851","stop_name":"Arcadia","mode":"Bus","modes":"Bus","routes":"A2 · 763","route_count":2,"wheelchair":"Accessible boarding listed"},"geometry":{"type":"Point","coordinates":[-7.93813654181925,53.4322688567452]}},{"type":"Feature","id":"8330B456021","properties":{"stop_id":"8330B456021","stop_name":"Arcadia","mode":"Bus","modes":"Bus","routes":"A2 · 763","route_count":2,"wheelchair":"Accessible boarding listed"},"geometry":{"type":"Point","coordinates":[-7.93792570897711,53.4323765889471]}},{"type":"Feature","id":"8330B455841","properties":{"stop_id":"8330B455841","stop_name":"Arcadia Crescent","mode":"Bus","modes":"Bus","routes":"A2","route_count":1,"wheelchair":"Accessible boarding listed"},"geometry":{"type":"Point","coordinates":[-7.92943979177832,53.4315720527913]}},{"type":"Feature","id":"8330B456031","properties":{"stop_id":"8330B456031","stop_name":"Arcadia Crescent","mode":"Bus","modes":"Bus","routes":"A2","route_count":1,"wheelchair":"Accessible boarding listed"},"geometry":{"type":"Point","coordinates":[-7.92934939935981,53.431634906959]}},{"type":"Feature","id":"8220DB000018","properties":{"stop_id":"8220DB000018","stop_name":"Archbishop's House","mode":"Bus","modes":"Bus","routes":"1 · 16 · 19 · 33 · 41 · 44 · 33E · 33n · 41B · 41C · 41D","route_count":11,"wheelchair":"Accessible boarding listed"},"geometry":{"type":"Point","coordinates":[-6.255957,53.365856]}},{"type":"Feature","id":"8220DB000047","properties":{"stop_id":"8220DB000047","stop_name":"Archbishop's House","mode":"Bus","modes":"Bus","routes":"1 · 16 · 19 · 33 · 41 · 44 · 16D · 41B · 41C · 41D · 700 · 740 · 910 · 932 · 700X · 740A","route_count":17,"wheelchair":"Accessible boarding listed"},"geometry":{"type":"Point","coordinates":[-6.257298,53.363916]}},{"type":"Feature","id":"8270010301","properties":{"stop_id":"8270010301","stop_name":"Archers Cres","mode":"Bus","modes":"Bus","routes":"KK1","route_count":1,"wheelchair":"Accessible boarding listed"},"geometry":{"type":"Point","coordinates":[-7.238166,52.638424]}},{"type":"Feature","id":"8270CD10302","properties":{"stop_id":"8270CD10302","stop_name":"Archers Cres","mode":"Bus","modes":"Bus","routes":"KK1","route_count":1,"wheelchair":"Accessible boarding listed"},"geometry":{"type":"Point","coordinates":[-7.238881,52.638968]}},{"type":"Feature","id":"8460B5235201","properties":{"stop_id":"8460B5235201","stop_name":"Ard Alainn","mode":"Bus","modes":"Bus","routes":"401","route_count":1,"wheelchair":"Accessible boarding listed"},"geometry":{"type":"Point","coordinates":[-9.00173,53.28367]}},{"type":"Feature","id":"8500LL14315","properties":{"stop_id":"8500LL14315","stop_name":"Ard Castle","mode":"Bus","modes":"Bus","routes":"RN94","route_count":1,"wheelchair":"Accessible boarding listed"},"geometry":{"type":"Point","coordinates":[-8.5174,53.75722]}},{"type":"Feature","id":"846000274","properties":{"stop_id":"846000274","stop_name":"Ard Fraoigh","mode":"Bus","modes":"Bus","routes":"411","route_count":1,"wheelchair":"Accessible boarding listed"},"geometry":{"type":"Point","coordinates":[-9.10804,53.27184]}},{"type":"Feature","id":"8430LL11417","properties":{"stop_id":"8430LL11417","stop_name":"Ard Gaoithe Bus Pk","mode":"Bus","modes":"Bus","routes":"CL2 · CL9","route_count":2,"wheelchair":"Accessible boarding listed"},"geometry":{"type":"Point","coordinates":[-7.718831,52.372844]}},{"type":"Feature","id":"8260LL12230","properties":{"stop_id":"8260LL12230","stop_name":"Ard Mhuire","mode":"Bus","modes":"Bus","routes":"888","route_count":1,"wheelchair":"Not listed as accessible"},"geometry":{"type":"Point","coordinates":[-7.00216,53.22352]}},{"type":"Feature","id":"8260LL12362","properties":{"stop_id":"8260LL12362","stop_name":"Ard Mhuire","mode":"Bus","modes":"Bus","routes":"888","route_count":1,"wheelchair":"Accessible boarding listed"},"geometry":{"type":"Point","coordinates":[-7.002273,53.223557]}},{"type":"Feature","id":"8450B255571","properties":{"stop_id":"8450B255571","stop_name":"Ard na Coille","mode":"Bus","modes":"Bus","routes":"354","route_count":1,"wheelchair":"Not listed as accessible"},"geometry":{"type":"Point","coordinates":[-6.999543,52.151501]}},{"type":"Feature","id":"834000083","properties":{"stop_id":"834000083","stop_name":"Ard na gCuan","mode":"Bus","modes":"Bus","routes":"WX1","route_count":1,"wheelchair":"Not listed as accessible"},"geometry":{"type":"Point","coordinates":[-6.47752,52.31855]}},{"type":"Feature","id":"8440B352891","properties":{"stop_id":"8440B352891","stop_name":"Ard na Greine","mode":"Bus","modes":"Bus","routes":"W5","route_count":1,"wheelchair":"Not listed as accessible"},"geometry":{"type":"Point","coordinates":[-7.12855,52.257623]}},{"type":"Feature","id":"8360PB14773","properties":{"stop_id":"8360PB14773","stop_name":"Ard na Gréine","mode":"Bus","modes":"Bus","routes":"NS1 · NS2","route_count":2,"wheelchair":"Not listed as accessible"},"geometry":{"type":"Point","coordinates":[-8.97859,52.83923]}},{"type":"Feature","id":"8360PB14794","properties":{"stop_id":"8360PB14794","stop_name":"Ard na Gréine","mode":"Bus","modes":"Bus","routes":"NS1 · NS2","route_count":2,"wheelchair":"Not listed as accessible"},"geometry":{"type":"Point","coordinates":[-8.97881,52.83866]}},{"type":"Feature","id":"8300B014981","properties":{"stop_id":"8300B014981","stop_name":"Ard na Mara","mode":"Bus","modes":"Bus","routes":"168","route_count":1,"wheelchair":"Accessible boarding listed"},"geometry":{"type":"Point","coordinates":[-6.24487,53.79518]}},{"type":"Feature","id":"8300B014982","properties":{"stop_id":"8300B014982","stop_name":"Ard na Mara","mode":"Bus","modes":"Bus","routes":"168","route_count":1,"wheelchair":"Not listed as accessible"},"geometry":{"type":"Point","coordinates":[-6.24448,53.79513]}},{"type":"Feature","id":"8220DB000110","properties":{"stop_id":"8220DB000110","stop_name":"Ard na Meala","mode":"Bus","modes":"Bus","routes":"E2 · N6 · 220 · 220A · 220T","route_count":5,"wheelchair":"Accessible boarding listed"},"geometry":{"type":"Point","coordinates":[-6.26860038147331,53.3979386409613]}},{"type":"Feature","id":"8430LL11418","properties":{"stop_id":"8430LL11418","stop_name":"Ard Na Sidhe","mode":"Bus","modes":"Bus","routes":"CL2 · CL9","route_count":2,"wheelchair":"Accessible boarding listed"},"geometry":{"type":"Point","coordinates":[-7.71275,52.36801]}},{"type":"Feature","id":"8430LL11419","properties":{"stop_id":"8430LL11419","stop_name":"Ard Na Sidhe","mode":"Bus","modes":"Bus","routes":"CL2 · CL9","route_count":2,"wheelchair":"Accessible boarding listed"},"geometry":{"type":"Point","coordinates":[-7.71248,52.36796]}},{"type":"Feature","id":"8510LL10933","properties":{"stop_id":"8510LL10933","stop_name":"Ard Nua Villge","mode":"Bus","modes":"Bus","routes":"563 · 572 · 977 · 981","route_count":4,"wheelchair":"Accessible boarding listed"},"geometry":{"type":"Point","coordinates":[-8.451048,54.278063]}},{"type":"Feature","id":"8510LL10934","properties":{"stop_id":"8510LL10934","stop_name":"Ard Nua Villge","mode":"Bus","modes":"Bus","routes":"563 · 572 · 977 · 981","route_count":4,"wheelchair":"Not listed as accessible"},"geometry":{"type":"Point","coordinates":[-8.451019,54.278162]}},{"type":"Feature","id":"8460PB003658","properties":{"stop_id":"8460PB003658","stop_name":"Arda an Chlaí Bháin","mode":"Bus","modes":"Bus","routes":"410 · 411 · 412","route_count":3,"wheelchair":"Accessible boarding listed"},"geometry":{"type":"Point","coordinates":[-9.107853,53.262893]}},{"type":"Feature","id":"8290LL14195","properties":{"stop_id":"8290LL14195","stop_name":"Ardagh","mode":"Bus","modes":"Bus","routes":"816","route_count":1,"wheelchair":"Not listed as accessible"},"geometry":{"type":"Point","coordinates":[-7.69442,53.66755]}},{"type":"Feature","id":"8290LL14196","properties":{"stop_id":"8290LL14196","stop_name":"Ardagh","mode":"Bus","modes":"Bus","routes":"816","route_count":1,"wheelchair":"Not listed as accessible"},"geometry":{"type":"Point","coordinates":[-7.69458,53.6676]}},{"type":"Feature","id":"841000066","properties":{"stop_id":"841000066","stop_name":"Ardagh","mode":"Bus","modes":"Bus","routes":"595","route_count":1,"wheelchair":"Accessible boarding listed"},"geometry":{"type":"Point","coordinates":[-9.063597,52.493919]}},{"type":"Feature","id":"841000067","properties":{"stop_id":"841000067","stop_name":"Ardagh","mode":"Bus","modes":"Bus","routes":"595","route_count":1,"wheelchair":"Accessible boarding listed"},"geometry":{"type":"Point","coordinates":[-9.063714,52.493909]}},{"type":"Feature","id":"8490B5455001","properties":{"stop_id":"8490B5455001","stop_name":"Ardagh","mode":"Bus","modes":"Bus","routes":"454","route_count":1,"wheelchair":"Not listed as accessible"},"geometry":{"type":"Point","coordinates":[-9.22238,54.12051]}},{"type":"Feature","id":"8490B551421","properties":{"stop_id":"8490B551421","stop_name":"Ardagh","mode":"Bus","modes":"Bus","routes":"454","route_count":1,"wheelchair":"Not listed as accessible"},"geometry":{"type":"Point","coordinates":[-9.22232,54.1206]}},{"type":"Feature","id":"841000027","properties":{"stop_id":"841000027","stop_name":"Ardagh East","mode":"Bus","modes":"Bus","routes":"595","route_count":1,"wheelchair":"Accessibility not listed"},"geometry":{"type":"Point","coordinates":[-9.062813,52.494384]}},{"type":"Feature","id":"841000065","properties":{"stop_id":"841000065","stop_name":"Ardagh East","mode":"Bus","modes":"Bus","routes":"595","route_count":1,"wheelchair":"Accessible boarding listed"},"geometry":{"type":"Point","coordinates":[-9.062358,52.494469]}},{"type":"Feature","id":"8540LL10184","properties":{"stop_id":"8540LL10184","stop_name":"Ardaghy","mode":"Bus","modes":"Bus","routes":"MN2","route_count":1,"wheelchair":"Not listed as accessible"},"geometry":{"type":"Point","coordinates":[-6.906962,54.21371]}},{"type":"Feature","id":"8540LL10194","properties":{"stop_id":"8540LL10194","stop_name":"Ardaghy","mode":"Bus","modes":"Bus","routes":"MN2","route_count":1,"wheelchair":"Not listed as accessible"},"geometry":{"type":"Point","coordinates":[-6.907039,54.213702]}},{"type":"Feature","id":"8530B140261","properties":{"stop_id":"8530B140261","stop_name":"Ardaghy Glebe","mode":"Bus","modes":"Bus","routes":"490 · 492","route_count":2,"wheelchair":"Not listed as accessible"},"geometry":{"type":"Point","coordinates":[-8.285848,54.653851]}},{"type":"Feature","id":"8530B141111","properties":{"stop_id":"8530B141111","stop_name":"Ardaghy Glebe","mode":"Bus","modes":"Bus","routes":"490 · 492 · 994","route_count":3,"wheelchair":"Not listed as accessible"},"geometry":{"type":"Point","coordinates":[-8.28582649978039,54.6538560446437]}},{"type":"Feature","id":"8340LL10410","properties":{"stop_id":"8340LL10410","stop_name":"Ardamine","mode":"Bus","modes":"Bus","routes":"389","route_count":1,"wheelchair":"Not listed as accessible"},"geometry":{"type":"Point","coordinates":[-6.231606,52.625966]}},{"type":"Feature","id":"8340LL10426","properties":{"stop_id":"8340LL10426","stop_name":"Ardamine","mode":"Bus","modes":"Bus","routes":"389","route_count":1,"wheelchair":"Not listed as accessible"},"geometry":{"type":"Point","coordinates":[-6.23137,52.6263]}},{"type":"Feature","id":"832000014","properties":{"stop_id":"832000014","stop_name":"Ardan","mode":"Bus","modes":"Bus","routes":"837 · 845 · 847 · UM02","route_count":4,"wheelchair":"Not listed as accessible"},"geometry":{"type":"Point","coordinates":[-7.496688,53.293804]}},{"type":"Feature","id":"832000015","properties":{"stop_id":"832000015","stop_name":"Ardan","mode":"Bus","modes":"Bus","routes":"837 · 845 · 847 · UM02","route_count":4,"wheelchair":"Not listed as accessible"},"geometry":{"type":"Point","coordinates":[-7.496343,53.293794]}},{"type":"Feature","id":"832000029","properties":{"stop_id":"832000029","stop_name":"Ardan Way","mode":"Bus","modes":"Bus","routes":"845 · 847 · UM02","route_count":3,"wheelchair":"Accessible boarding listed"},"geometry":{"type":"Point","coordinates":[-7.496259,53.289408]}},{"type":"Feature","id":"853000111","properties":{"stop_id":"853000111","stop_name":"Ardara","mode":"Bus","modes":"Bus","routes":"964 · 991 · 994","route_count":3,"wheelchair":"Not listed as accessible"},"geometry":{"type":"Point","coordinates":[-8.41354478216313,54.7619807418561]}},{"type":"Feature","id":"8530B1406201","properties":{"stop_id":"8530B1406201","stop_name":"Ardara","mode":"Bus","modes":"Bus","routes":"492","route_count":1,"wheelchair":"Not listed as accessible"},"geometry":{"type":"Point","coordinates":[-8.414822,54.7623]}},{"type":"Feature","id":"8530B142621","properties":{"stop_id":"8530B142621","stop_name":"Ardara","mode":"Bus","modes":"Bus","routes":"492","route_count":1,"wheelchair":"Not listed as accessible"},"geometry":{"type":"Point","coordinates":[-8.41282,54.76201]}},{"type":"Feature","id":"8530PB14627","properties":{"stop_id":"8530PB14627","stop_name":"Ardara","mode":"Bus","modes":"Bus","routes":"964 · 991","route_count":2,"wheelchair":"Not listed as accessible"},"geometry":{"type":"Point","coordinates":[-8.41342,54.76193]}},{"type":"Feature","id":"8220DB000727","properties":{"stop_id":"8220DB000727","stop_name":"Ardara Avenue","mode":"Bus","modes":"Bus","routes":"H1 · 29n","route_count":2,"wheelchair":"Accessible boarding listed"},"geometry":{"type":"Point","coordinates":[-6.166838,53.393705]}},{"type":"Feature","id":"8220DB000740","properties":{"stop_id":"8220DB000740","stop_name":"Ardara Avenue","mode":"Bus","modes":"Bus","routes":"H1","route_count":1,"wheelchair":"Accessible boarding listed"},"geometry":{"type":"Point","coordinates":[-6.16701261526443,53.3931412776214]}},{"type":"Feature","id":"8380B246091","properties":{"stop_id":"8380B246091","stop_name":"Ardarrig","mode":"Bus","modes":"Bus","routes":"216","route_count":1,"wheelchair":"Accessible boarding listed"},"geometry":{"type":"Point","coordinates":[-8.434669,51.868723]}},{"type":"Feature","id":"8360B333601","properties":{"stop_id":"8360B333601","stop_name":"Ardataggle","mode":"Bus","modes":"Bus","routes":"323","route_count":1,"wheelchair":"Not listed as accessible"},"geometry":{"type":"Point","coordinates":[-8.508639,52.754144]}},{"type":"Feature","id":"8310B1018001","properties":{"stop_id":"8310B1018001","stop_name":"Ardboyne Hotel","mode":"Bus","modes":"Bus","routes":"109 · 179 · 109A · 109X · DY01 · UM05","route_count":6,"wheelchair":"Accessible boarding listed"},"geometry":{"type":"Point","coordinates":[-6.67076011874211,53.6419688535519]}},{"type":"Feature","id":"8310B1369601","properties":{"stop_id":"8310B1369601","stop_name":"Ardboyne Hotel","mode":"Bus","modes":"Bus","routes":"109 · 179 · 109A · 109X · DY01 · UM05","route_count":6,"wheelchair":"Accessible boarding listed"},"geometry":{"type":"Point","coordinates":[-6.670315,53.641218]}},{"type":"Feature","id":"850000027","properties":{"stop_id":"850000027","stop_name":"Ardcarn","mode":"Bus","modes":"Bus","routes":"449","route_count":1,"wheelchair":"Not listed as accessible"},"geometry":{"type":"Point","coordinates":[-8.20453957131326,53.9701798797567]}},{"type":"Feature","id":"850000028","properties":{"stop_id":"850000028","stop_name":"Ardcarn","mode":"Bus","modes":"Bus","routes":"449","route_count":1,"wheelchair":"Not listed as accessible"},"geometry":{"type":"Point","coordinates":[-8.20432658883348,53.9702611161079]}},{"type":"Feature","id":"850000031","properties":{"stop_id":"850000031","stop_name":"Ardcarn South","mode":"Bus","modes":"Bus","routes":"449","route_count":1,"wheelchair":"Not listed as accessible"},"geometry":{"type":"Point","coordinates":[-8.19741538318107,53.9655909606289]}},{"type":"Feature","id":"8500PB14514","properties":{"stop_id":"8500PB14514","stop_name":"Ardcarn South","mode":"Bus","modes":"Bus","routes":"449","route_count":1,"wheelchair":"Not listed as accessible"},"geometry":{"type":"Point","coordinates":[-8.19669,53.96475]}},{"type":"Feature","id":"8340B339961","properties":{"stop_id":"8340B339961","stop_name":"Ardcavan","mode":"Bus","modes":"Bus","routes":"877","route_count":1,"wheelchair":"Not listed as accessible"},"geometry":{"type":"Point","coordinates":[-6.448794,52.367024]}},{"type":"Feature","id":"834000054","properties":{"stop_id":"834000054","stop_name":"Ardcavan B Pk","mode":"Bus","modes":"Bus","routes":"877 · 884","route_count":2,"wheelchair":"Not listed as accessible"},"geometry":{"type":"Point","coordinates":[-6.4525,52.359737]}},{"type":"Feature","id":"8240DB004908","properties":{"stop_id":"8240DB004908","stop_name":"Ardcian Park","mode":"Bus","modes":"Bus","routes":"41 · 196 · 41C · 41X · 500 · 503 · 505 · 507 · 500X","route_count":9,"wheelchair":"Accessible boarding listed"},"geometry":{"type":"Point","coordinates":[-6.239512,53.463944]}},{"type":"Feature","id":"8240DB004910","properties":{"stop_id":"8240DB004910","stop_name":"Ardcian Park","mode":"Bus","modes":"Bus","routes":"41 · 196 · 41C · 41X · 500 · 501 · 503 · 506 · 500N · 500X","route_count":10,"wheelchair":"Accessible boarding listed"},"geometry":{"type":"Point","coordinates":[-6.23919,53.466635]}},{"type":"Feature","id":"8470PB000774","properties":{"stop_id":"8470PB000774","stop_name":"Ardcloon","mode":"Bus","modes":"Bus","routes":"488","route_count":1,"wheelchair":"Not listed as accessible"},"geometry":{"type":"Point","coordinates":[-8.826394,53.620264]}},{"type":"Feature","id":"8420B3338701","properties":{"stop_id":"8420B3338701","stop_name":"Ardcroney","mode":"Bus","modes":"Bus","routes":"72 · 323X","route_count":2,"wheelchair":"Accessible boarding listed"},"geometry":{"type":"Point","coordinates":[-8.15696,52.93481]}},{"type":"Feature","id":"8420B455351","properties":{"stop_id":"8420B455351","stop_name":"Ardcroney","mode":"Bus","modes":"Bus","routes":"72 · 323X","route_count":2,"wheelchair":"Accessible boarding listed"},"geometry":{"type":"Point","coordinates":[-8.15591,52.93573]}},{"type":"Feature","id":"8300B152311","properties":{"stop_id":"8300B152311","stop_name":"Ardee","mode":"Bus","modes":"Bus","routes":"167 · 177 · 182 · 980 · 980A · 980B · DK04","route_count":7,"wheelchair":"Not listed as accessible"},"geometry":{"type":"Point","coordinates":[-6.54123285661006,53.8600174836922]}},{"type":"Feature","id":"8300B1524401","properties":{"stop_id":"8300B1524401","stop_name":"Ardee","mode":"Bus","modes":"Bus","routes":"167 · 177 · 180 · 182 · 980 · 980A · 980B · DK02 · DK04","route_count":9,"wheelchair":"Accessible boarding listed"},"geometry":{"type":"Point","coordinates":[-6.5414034543292,53.8599207001818]}},{"type":"Feature","id":"8300B108761","properties":{"stop_id":"8300B108761","stop_name":"Ardee Ch","mode":"Bus","modes":"Bus","routes":"167 · 182 · 980 · DK08","route_count":4,"wheelchair":"Accessible boarding listed"},"geometry":{"type":"Point","coordinates":[-6.538255,53.852558]}},{"type":"Feature","id":"8300B108771","properties":{"stop_id":"8300B108771","stop_name":"Ardee Ch","mode":"Bus","modes":"Bus","routes":"167 · 182 · 980 · DK08","route_count":4,"wheelchair":"Not listed as accessible"},"geometry":{"type":"Point","coordinates":[-6.537994,53.852195]}},{"type":"Feature","id":"8300B1524301","properties":{"stop_id":"8300B1524301","stop_name":"Ardee N33","mode":"Bus","modes":"Bus","routes":"32 · 180 · 182 · 932 · 932A · DK08 · GD01","route_count":7,"wheelchair":"Accessible boarding listed"},"geometry":{"type":"Point","coordinates":[-6.541571,53.864704]}},{"type":"Feature","id":"8300B152461","properties":{"stop_id":"8300B152461","stop_name":"Ardee N33","mode":"Bus","modes":"Bus","routes":"32 · 177 · 180 · 182 · 932 · 932A · DK08","route_count":7,"wheelchair":"Accessible boarding listed"},"geometry":{"type":"Point","coordinates":[-6.541312,53.864728]}},{"type":"Feature","id":"8220DB000309","properties":{"stop_id":"8220DB000309","stop_name":"Ardee St","mode":"Bus","modes":"Bus","routes":"150","route_count":1,"wheelchair":"Accessible boarding listed"},"geometry":{"type":"Point","coordinates":[-6.27895,53.33784]}},{"type":"Feature","id":"8220DB004854","properties":{"stop_id":"8220DB004854","stop_name":"Ardee St","mode":"Bus","modes":"Bus","routes":"150","route_count":1,"wheelchair":"Accessible boarding listed"},"geometry":{"type":"Point","coordinates":[-6.27902,53.33813]}},{"type":"Feature","id":"8230DB003887","properties":{"stop_id":"8230DB003887","stop_name":"Ardeevin Avenue","mode":"Bus","modes":"Bus","routes":"C3 · C4 · C5 · C6 · L51 · L52 · L54 · X30 · X31 · X32","route_count":10,"wheelchair":"Accessible boarding listed"},"geometry":{"type":"Point","coordinates":[-6.458779,53.355229]}},{"type":"Feature","id":"832000082","properties":{"stop_id":"832000082","stop_name":"Arden Vale","mode":"Bus","modes":"Bus","routes":"835 · 845 · 847 · UM02","route_count":4,"wheelchair":"Accessible boarding listed"},"geometry":{"type":"Point","coordinates":[-7.49281371173356,53.2852770851546]}},{"type":"Feature","id":"832000083","properties":{"stop_id":"832000083","stop_name":"Arden Vale","mode":"Bus","modes":"Bus","routes":"845 · 847 · UM02","route_count":3,"wheelchair":"Accessible boarding listed"},"geometry":{"type":"Point","coordinates":[-7.492899,53.285646]}},{"type":"Feature","id":"832000020","properties":{"stop_id":"832000020","stop_name":"Arden View","mode":"Bus","modes":"Bus","routes":"835","route_count":1,"wheelchair":"Not listed as accessible"},"geometry":{"type":"Point","coordinates":[-7.496336,53.280322]}},{"type":"Feature","id":"8390B331701","properties":{"stop_id":"8390B331701","stop_name":"Ardfert","mode":"Bus","modes":"Bus","routes":"274","route_count":1,"wheelchair":"Accessible boarding listed"},"geometry":{"type":"Point","coordinates":[-9.78079,52.32754]}},{"type":"Feature","id":"8430B2501001","properties":{"stop_id":"8430B2501001","stop_name":"Ardfinnan","mode":"Bus","modes":"Bus","routes":"245","route_count":1,"wheelchair":"Accessible boarding listed"},"geometry":{"type":"Point","coordinates":[-7.881583,52.309381]}},{"type":"Feature","id":"8430B250131","properties":{"stop_id":"8430B250131","stop_name":"Ardfinnan","mode":"Bus","modes":"Bus","routes":"245","route_count":1,"wheelchair":"Accessible boarding listed"},"geometry":{"type":"Point","coordinates":[-7.885088,52.309222]}},{"type":"Feature","id":"8370B2371001","properties":{"stop_id":"8370B2371001","stop_name":"Ardfoyle Place","mode":"Bus","modes":"Bus","routes":"202 · 212 · 202A","route_count":3,"wheelchair":"Accessible boarding listed"},"geometry":{"type":"Point","coordinates":[-8.431766,51.896151]}},{"type":"Feature","id":"8370B2501701","properties":{"stop_id":"8370B2501701","stop_name":"Ardfoyle Place","mode":"Bus","modes":"Bus","routes":"202 · 212 · 202A","route_count":3,"wheelchair":"Accessible boarding listed"},"geometry":{"type":"Point","coordinates":[-8.43193904770382,51.8959883738155]}},{"type":"Feature","id":"8240DB003813","properties":{"stop_id":"8240DB003813","stop_name":"Ardgillan Demesne","mode":"Bus","modes":"Bus","routes":"33 · 33A","route_count":2,"wheelchair":"Accessible boarding listed"},"geometry":{"type":"Point","coordinates":[-6.156191,53.591386]}},{"type":"Feature","id":"8240DB007175","properties":{"stop_id":"8240DB007175","stop_name":"Ardgillan Demesne","mode":"Bus","modes":"Bus","routes":"33 · 33A · 33X","route_count":3,"wheelchair":"Not listed as accessible"},"geometry":{"type":"Point","coordinates":[-6.154413,53.589543]}},{"type":"Feature","id":"8380B455391","properties":{"stop_id":"8380B455391","stop_name":"Ardgroom","mode":"Bus","modes":"Bus","routes":"282","route_count":1,"wheelchair":"Accessibility not listed"},"geometry":{"type":"Point","coordinates":[-9.89682,51.73382]}},{"type":"Feature","id":"8380B6375001","properties":{"stop_id":"8380B6375001","stop_name":"Ardgroom","mode":"Bus","modes":"Bus","routes":"231 · 282","route_count":2,"wheelchair":"Not listed as accessible"},"geometry":{"type":"Point","coordinates":[-9.89662941141125,51.7347711281173]}},{"type":"Feature","id":"8240DB003611","properties":{"stop_id":"8240DB003611","stop_name":"Ardilaun","mode":"Bus","modes":"Bus","routes":"H2 · 102A · 102C · 102T","route_count":4,"wheelchair":"Accessible boarding listed"},"geometry":{"type":"Point","coordinates":[-6.13363204181764,53.4288464783435]}},{"type":"Feature","id":"8330PB14080","properties":{"stop_id":"8330PB14080","stop_name":"Ardilaun Heights","mode":"Bus","modes":"Bus","routes":"MU2","route_count":1,"wheelchair":"Accessible boarding listed"},"geometry":{"type":"Point","coordinates":[-7.36736,53.52478]}},{"type":"Feature","id":"8330PB14081","properties":{"stop_id":"8330PB14081","stop_name":"Ardilaun Heights","mode":"Bus","modes":"Bus","routes":"MU2","route_count":1,"wheelchair":"Accessible boarding listed"},"geometry":{"type":"Point","coordinates":[-7.36715,53.52479]}},{"type":"Feature","id":"8460B5245301","properties":{"stop_id":"8460B5245301","stop_name":"Ardilaun Road","mode":"Bus","modes":"Bus","routes":"404","route_count":1,"wheelchair":"Accessible boarding listed"},"geometry":{"type":"Point","coordinates":[-9.070658,53.280633]}},{"type":"Feature","id":"8460B5245401","properties":{"stop_id":"8460B5245401","stop_name":"Ardilaun Road","mode":"Bus","modes":"Bus","routes":"404","route_count":1,"wheelchair":"Accessible boarding listed"},"geometry":{"type":"Point","coordinates":[-9.070775,53.280542]}},{"type":"Feature","id":"8440B352961","properties":{"stop_id":"8440B352961","stop_name":"Ardkeen Rtl Pk","mode":"Bus","modes":"Bus","routes":"W5","route_count":1,"wheelchair":"Accessible boarding listed"},"geometry":{"type":"Point","coordinates":[-7.084242,52.24331]}},{"type":"Feature","id":"8440B352741","properties":{"stop_id":"8440B352741","stop_name":"Ardkeen Woods","mode":"Bus","modes":"Bus","routes":"W5 · 370","route_count":2,"wheelchair":"Accessible boarding listed"},"geometry":{"type":"Point","coordinates":[-7.080306,52.245994]}},{"type":"Feature","id":"8440B353261","properties":{"stop_id":"8440B353261","stop_name":"Ardkeen Woods","mode":"Bus","modes":"Bus","routes":"W5","route_count":1,"wheelchair":"Accessible boarding listed"},"geometry":{"type":"Point","coordinates":[-7.080838,52.245737]}},{"type":"Feature","id":"8220DB001222","properties":{"stop_id":"8220DB001222","stop_name":"Ardlea Road","mode":"Bus","modes":"Bus","routes":"27B","route_count":1,"wheelchair":"Accessible boarding listed"},"geometry":{"type":"Point","coordinates":[-6.20685,53.384066]}},{"type":"Feature","id":"8220DB001242","properties":{"stop_id":"8220DB001242","stop_name":"Ardlea Road","mode":"Bus","modes":"Bus","routes":"27B","route_count":1,"wheelchair":"Accessible boarding listed"},"geometry":{"type":"Point","coordinates":[-6.207073,53.384492]}},{"type":"Feature","id":"8330PB14082","properties":{"stop_id":"8330PB14082","stop_name":"Ardleigh Gate","mode":"Bus","modes":"Bus","routes":"MU2","route_count":1,"wheelchair":"Accessible boarding listed"},"geometry":{"type":"Point","coordinates":[-7.37109,53.51891]}},{"type":"Feature","id":"8330PB14083","properties":{"stop_id":"8330PB14083","stop_name":"Ardleigh Gate","mode":"Bus","modes":"Bus","routes":"MU2","route_count":1,"wheelchair":"Accessible boarding listed"},"geometry":{"type":"Point","coordinates":[-7.37132,53.51976]}},{"type":"Feature","id":"8330PB14084","properties":{"stop_id":"8330PB14084","stop_name":"Ardleigh Park","mode":"Bus","modes":"Bus","routes":"MU2","route_count":1,"wheelchair":"Accessible boarding listed"},"geometry":{"type":"Point","coordinates":[-7.36975,53.52245]}},{"type":"Feature","id":"8330PB14085","properties":{"stop_id":"8330PB14085","stop_name":"Ardleigh Park","mode":"Bus","modes":"Bus","routes":"MU2","route_count":1,"wheelchair":"Accessible boarding listed"},"geometry":{"type":"Point","coordinates":[-7.36949,53.52256]}},{"type":"Feature","id":"8520B1378001","properties":{"stop_id":"8520B1378001","stop_name":"Ardlougher","mode":"Bus","modes":"Bus","routes":"465","route_count":1,"wheelchair":"Not listed as accessible"},"geometry":{"type":"Point","coordinates":[-7.5776220006066,54.0628053466492]}},{"type":"Feature","id":"8520B557451","properties":{"stop_id":"8520B557451","stop_name":"Ardlougher","mode":"Bus","modes":"Bus","routes":"465","route_count":1,"wheelchair":"Not listed as accessible"},"geometry":{"type":"Point","coordinates":[-7.57772974502029,54.0627248516282]}},{"type":"Feature","id":"8370B2144801","properties":{"stop_id":"8370B2144801","stop_name":"Ardmahon Estate","mode":"Bus","modes":"Bus","routes":"219","route_count":1,"wheelchair":"Accessible boarding listed"},"geometry":{"type":"Point","coordinates":[-8.43599724166988,51.8844312632822]}},{"type":"Feature","id":"8370B2437901","properties":{"stop_id":"8370B2437901","stop_name":"Ardmahon Estate","mode":"Bus","modes":"Bus","routes":"219","route_count":1,"wheelchair":"Accessible boarding listed"},"geometry":{"type":"Point","coordinates":[-8.43698166506272,51.8840860215012]}},{"type":"Feature","id":"8530LL10727","properties":{"stop_id":"8530LL10727","stop_name":"Ardmalin","mode":"Bus","modes":"Bus","routes":"954","route_count":1,"wheelchair":"Not listed as accessible"},"geometry":{"type":"Point","coordinates":[-7.33741859670228,55.3627786609064]}},{"type":"Feature","id":"8530LL12359","properties":{"stop_id":"8530LL12359","stop_name":"Ardmalin","mode":"Bus","modes":"Bus","routes":"954","route_count":1,"wheelchair":"Not listed as accessible"},"geometry":{"type":"Point","coordinates":[-7.33711,55.36271]}},{"type":"Feature","id":"8450B244601","properties":{"stop_id":"8450B244601","stop_name":"Ardmore","mode":"Bus","modes":"Bus","routes":"260","route_count":1,"wheelchair":"Not listed as accessible"},"geometry":{"type":"Point","coordinates":[-7.72457362880066,51.9508968493918]}},{"type":"Feature","id":"8450B3301001","properties":{"stop_id":"8450B3301001","stop_name":"Ardmore","mode":"Bus","modes":"Bus","routes":"260 · 361","route_count":2,"wheelchair":"Not listed as accessible"},"geometry":{"type":"Point","coordinates":[-7.72410828255916,51.950868792722]}},{"type":"Feature","id":"8460B5224401","properties":{"stop_id":"8460B5224401","stop_name":"Ardmore","mode":"Bus","modes":"Bus","routes":"402","route_count":1,"wheelchair":"Accessible boarding listed"},"geometry":{"type":"Point","coordinates":[-9.08320992390643,53.2682156438237]}},{"type":"Feature","id":"8460B5231201","properties":{"stop_id":"8460B5231201","stop_name":"Ardmore","mode":"Bus","modes":"Bus","routes":"402","route_count":1,"wheelchair":"Accessible boarding listed"},"geometry":{"type":"Point","coordinates":[-9.083343,53.268152]}},{"type":"Feature","id":"8220DB001226","properties":{"stop_id":"8220DB001226","stop_name":"Ardmore Drive","mode":"Bus","modes":"Bus","routes":"27B","route_count":1,"wheelchair":"Accessible boarding listed"},"geometry":{"type":"Point","coordinates":[-6.21493,53.388582]}},{"type":"Feature","id":"8220DB001239","properties":{"stop_id":"8220DB001239","stop_name":"Ardmore Drive","mode":"Bus","modes":"Bus","routes":"27B","route_count":1,"wheelchair":"Accessible boarding listed"},"geometry":{"type":"Point","coordinates":[-6.214882,53.389004]}},{"type":"Feature","id":"8330B1032701","properties":{"stop_id":"8330B1032701","stop_name":"Ardmore Rd","mode":"Bus","modes":"Bus","routes":"115 · 190 · 819 · MU2 · 115C · 115X","route_count":6,"wheelchair":"Accessible boarding listed"},"geometry":{"type":"Point","coordinates":[-7.310005,53.523037]}},{"type":"Feature","id":"8330B1033201","properties":{"stop_id":"8330B1033201","stop_name":"Ardmore Rd","mode":"Bus","modes":"Bus","routes":"115 · 190 · 819 · MU2 · 115C · 115X","route_count":6,"wheelchair":"Accessible boarding listed"},"geometry":{"type":"Point","coordinates":[-7.308501,53.522795]}},{"type":"Feature","id":"8350DB008260","properties":{"stop_id":"8350DB008260","stop_name":"Ardmore Studios","mode":"Bus","modes":"Bus","routes":"L12","route_count":1,"wheelchair":"Not listed as accessible"},"geometry":{"type":"Point","coordinates":[-6.124463,53.196397]}},{"type":"Feature","id":"8360B3320601","properties":{"stop_id":"8360B3320601","stop_name":"Ardnacrusha","mode":"Bus","modes":"Bus","routes":"313","route_count":1,"wheelchair":"Not listed as accessible"},"geometry":{"type":"Point","coordinates":[-8.6187183419918,52.7069466476972]}},{"type":"Feature","id":"8220DB001705","properties":{"stop_id":"8220DB001705","stop_name":"Ardpatrick Road","mode":"Bus","modes":"Bus","routes":"37","route_count":1,"wheelchair":"Not listed as accessible"},"geometry":{"type":"Point","coordinates":[-6.308471,53.362181]}},{"type":"Feature","id":"8470B6312201","properties":{"stop_id":"8470B6312201","stop_name":"Ardrahan","mode":"Bus","modes":"Bus","routes":"51 · 434","route_count":2,"wheelchair":"Not listed as accessible"},"geometry":{"type":"Point","coordinates":[-8.806175,53.156702]}},{"type":"Feature","id":"8470BB555621","properties":{"stop_id":"8470BB555621","stop_name":"Ardrahan","mode":"Bus","modes":"Bus","routes":"51 · 434","route_count":2,"wheelchair":"Accessibility not listed"},"geometry":{"type":"Point","coordinates":[-8.806175,53.156702]}},{"type":"Feature","id":"8470IR0042","properties":{"stop_id":"8470IR0042","stop_name":"Ardrahan","mode":"Rail","modes":"Rail","routes":"rail","route_count":1,"wheelchair":"Accessibility not listed"},"geometry":{"type":"Point","coordinates":[-8.814752,53.157044]}},{"type":"Feature","id":"8380B233161","properties":{"stop_id":"8380B233161","stop_name":"Ardrum","mode":"Bus","modes":"Bus","routes":"235","route_count":1,"wheelchair":"Not listed as accessible"},"geometry":{"type":"Point","coordinates":[-8.638573,51.919913]}},{"type":"Feature","id":"8220DB000725","properties":{"stop_id":"8220DB000725","stop_name":"Ardscoil La Salle","mode":"Bus","modes":"Bus","routes":"H1 · 29n","route_count":2,"wheelchair":"Accessible boarding listed"},"geometry":{"type":"Point","coordinates":[-6.170489,53.389572]}},{"type":"Feature","id":"847000277","properties":{"stop_id":"847000277","stop_name":"Ardskea More","mode":"Bus","modes":"Bus","routes":"527","route_count":1,"wheelchair":"Not listed as accessible"},"geometry":{"type":"Point","coordinates":[-8.851343,53.42136]}},{"type":"Feature","id":"8470PB14634","properties":{"stop_id":"8470PB14634","stop_name":"Ardskea More","mode":"Bus","modes":"Bus","routes":"527","route_count":1,"wheelchair":"Accessible boarding listed"},"geometry":{"type":"Point","coordinates":[-8.85148,53.4213]}},{"type":"Feature","id":"8350DB004067","properties":{"stop_id":"8350DB004067","stop_name":"Arduan","mode":"Bus","modes":"Bus","routes":"65 · 65A","route_count":2,"wheelchair":"Not listed as accessible"},"geometry":{"type":"Point","coordinates":[-6.470622,53.219879]}},{"type":"Feature","id":"8350DB005110","properties":{"stop_id":"8350DB005110","stop_name":"Arduan","mode":"Bus","modes":"Bus","routes":"65 · 65A","route_count":2,"wheelchair":"Not listed as accessible"},"geometry":{"type":"Point","coordinates":[-6.469799,53.220273]}},{"type":"Feature","id":"8250DB000448","properties":{"stop_id":"8250DB000448","stop_name":"Arena Road","mode":"Bus","modes":"Bus","routes":"47 · S8 · 114","route_count":3,"wheelchair":"Accessible boarding listed"},"geometry":{"type":"Point","coordinates":[-6.206673,53.274839]}},{"type":"Feature","id":"8500LL10668","properties":{"stop_id":"8500LL10668","stop_name":"Arigna","mode":"Bus","modes":"Bus","routes":"567 · 571","route_count":2,"wheelchair":"Accessibility not listed"},"geometry":{"type":"Point","coordinates":[-8.10743671033258,54.0768248934545]}},{"type":"Feature","id":"8500LL10864","properties":{"stop_id":"8500LL10864","stop_name":"Arigna Mines","mode":"Bus","modes":"Bus","routes":"571","route_count":1,"wheelchair":"Accessibility not listed"},"geometry":{"type":"Point","coordinates":[-8.11870436158079,54.078916988117]}},{"type":"Feature","id":"8350B1355301","properties":{"stop_id":"8350B1355301","stop_name":"Arklow","mode":"Bus","modes":"Bus","routes":"2","route_count":1,"wheelchair":"Accessible boarding listed"},"geometry":{"type":"Point","coordinates":[-6.1567996947136,52.7983520880227]}},{"type":"Feature","id":"8350B1355401","properties":{"stop_id":"8350B1355401","stop_name":"Arklow","mode":"Bus","modes":"Bus","routes":"2","route_count":1,"wheelchair":"Accessible boarding listed"},"geometry":{"type":"Point","coordinates":[-6.15942,52.797755]}},{"type":"Feature","id":"8350IR0118","properties":{"stop_id":"8350IR0118","stop_name":"Arklow","mode":"Rail","modes":"Rail","routes":"rail","route_count":1,"wheelchair":"Accessibility not listed"},"geometry":{"type":"Point","coordinates":[-6.159583,52.793921]}},{"type":"Feature","id":"835000082","properties":{"stop_id":"835000082","stop_name":"Arklow M11","mode":"Bus","modes":"Bus","routes":"740 · UM11","route_count":2,"wheelchair":"Not listed as accessible"},"geometry":{"type":"Point","coordinates":[-6.145154,52.822786]}},{"type":"Feature","id":"835000083","properties":{"stop_id":"835000083","stop_name":"Arklow M11","mode":"Bus","modes":"Bus","routes":"740 · UM11","route_count":2,"wheelchair":"Not listed as accessible"},"geometry":{"type":"Point","coordinates":[-6.145787,52.822954]}},{"type":"Feature","id":"8350LL10680","properties":{"stop_id":"8350LL10680","stop_name":"Arklow Stn","mode":"Bus","modes":"Bus","routes":"183 · 800 · 800a","route_count":3,"wheelchair":"Not listed as accessible"},"geometry":{"type":"Point","coordinates":[-6.159353,52.795129]}},{"type":"Feature","id":"8350B351481","properties":{"stop_id":"8350B351481","stop_name":"Arklow W","mode":"Bus","modes":"Bus","routes":"2 · 183 · 800 · 740A · 800a · BR01","route_count":6,"wheelchair":"Accessible boarding listed"},"geometry":{"type":"Point","coordinates":[-6.162626,52.795584]}},{"type":"Feature","id":"8350B355211","properties":{"stop_id":"8350B355211","stop_name":"Arklow W","mode":"Bus","modes":"Bus","routes":"2 · 183 · 800 · 740A · 800a · BR01","route_count":6,"wheelchair":"Accessible boarding listed"},"geometry":{"type":"Point","coordinates":[-6.162441,52.79541]}},{"type":"Feature","id":"828000046","properties":{"stop_id":"828000046","stop_name":"Arles","mode":"Bus","modes":"Bus","routes":"IW02 · IW06","route_count":2,"wheelchair":"Not listed as accessible"},"geometry":{"type":"Point","coordinates":[-7.019278,52.890945]}},{"type":"Feature","id":"828000047","properties":{"stop_id":"828000047","stop_name":"Arles","mode":"Bus","modes":"Bus","routes":"IW02 · IW06","route_count":2,"wheelchair":"Accessible boarding listed"},"geometry":{"type":"Point","coordinates":[-7.019188,52.890963]}},{"type":"Feature","id":"8280LL11282","properties":{"stop_id":"8280LL11282","stop_name":"Arles","mode":"Bus","modes":"Bus","routes":"897","route_count":1,"wheelchair":"Not listed as accessible"},"geometry":{"type":"Point","coordinates":[-7.02069,52.8928]}},{"type":"Feature","id":"8280PB001398","properties":{"stop_id":"8280PB001398","stop_name":"Arles","mode":"Bus","modes":"Bus","routes":"897","route_count":1,"wheelchair":"Accessible boarding listed"},"geometry":{"type":"Point","coordinates":[-7.02084292302988,52.892710913205]}},{"type":"Feature","id":"8220DB002466","properties":{"stop_id":"8220DB002466","stop_name":"Armagh Rd East","mode":"Bus","modes":"Bus","routes":"82","route_count":1,"wheelchair":"Accessible boarding listed"},"geometry":{"type":"Point","coordinates":[-6.306451,53.320654]}},{"type":"Feature","id":"8220DB005026","properties":{"stop_id":"8220DB005026","stop_name":"Armagh Rd East","mode":"Bus","modes":"Bus","routes":"74 · 82","route_count":2,"wheelchair":"Accessible boarding listed"},"geometry":{"type":"Point","coordinates":[-6.305244,53.32043]}},{"type":"Feature","id":"8220DB002450","properties":{"stop_id":"8220DB002450","stop_name":"Armagh Rd West","mode":"Bus","modes":"Bus","routes":"82","route_count":1,"wheelchair":"Accessible boarding listed"},"geometry":{"type":"Point","coordinates":[-6.307669,53.320231]}},{"type":"Feature","id":"8220DB002465","properties":{"stop_id":"8220DB002465","stop_name":"Armagh Rd West","mode":"Bus","modes":"Bus","routes":"82","route_count":1,"wheelchair":"Accessible boarding listed"},"geometry":{"type":"Point","coordinates":[-6.308939,53.319989]}},{"type":"Feature","id":"8220DB002449","properties":{"stop_id":"8220DB002449","stop_name":"Armagh Road","mode":"Bus","modes":"Bus","routes":"74","route_count":1,"wheelchair":"Accessible boarding listed"},"geometry":{"type":"Point","coordinates":[-6.305072,53.320985]}},{"type":"Feature","id":"8220DB000968","properties":{"stop_id":"8220DB000968","stop_name":"Armstrong Walk","mode":"Bus","modes":"Bus","routes":"N6","route_count":1,"wheelchair":"Accessible boarding listed"},"geometry":{"type":"Point","coordinates":[-6.210683,53.393759]}},{"type":"Feature","id":"8220DB000998","properties":{"stop_id":"8220DB000998","stop_name":"Armstrong Walk","mode":"Bus","modes":"Bus","routes":"N6","route_count":1,"wheelchair":"Accessible boarding listed"},"geometry":{"type":"Point","coordinates":[-6.209789,53.393575]}},{"type":"Feature","id":"8250DB003092","properties":{"stop_id":"8250DB003092","stop_name":"Arnold Grove","mode":"Bus","modes":"Bus","routes":"59 · 7E","route_count":2,"wheelchair":"Accessible boarding listed"},"geometry":{"type":"Point","coordinates":[-6.126825,53.272074]}},{"type":"Feature","id":"8250DB003106","properties":{"stop_id":"8250DB003106","stop_name":"Arnold Grove","mode":"Bus","modes":"Bus","routes":"59","route_count":1,"wheelchair":"Accessible boarding listed"},"geometry":{"type":"Point","coordinates":[-6.127427,53.272002]}},{"type":"Feature","id":"8250DB003093","properties":{"stop_id":"8250DB003093","stop_name":"Arnold Park","mode":"Bus","modes":"Bus","routes":"59 · 7E","route_count":2,"wheelchair":"Accessible boarding listed"},"geometry":{"type":"Point","coordinates":[-6.130124,53.270346]}},{"type":"Feature","id":"8220DB007453","properties":{"stop_id":"8220DB007453","stop_name":"Arran Quay","mode":"Bus","modes":"Bus","routes":"4 · 37 · 39 · 60 · 69 · 70 · 80 · S2 · 39A · 51D · 69X · 782 · 860","route_count":13,"wheelchair":"Accessible boarding listed"},"geometry":{"type":"Point","coordinates":[-6.27838250402176,53.3463358924171]}},{"type":"Feature","id":"8220DB007854","properties":{"stop_id":"8220DB007854","stop_name":"Arran Quay","mode":"Bus","modes":"Bus","routes":"52 · C1 · C2 · C3 · C4 · C5 · C6 · P29 · X25 · X26 · X27 · X28 · X30 · X31 · X32","route_count":15,"wheelchair":"Not listed as accessible"},"geometry":{"type":"Point","coordinates":[-6.278665,53.346375]}},{"type":"Feature","id":"8220DB000246","properties":{"stop_id":"8220DB000246","stop_name":"Artaine Castle","mode":"Bus","modes":"Bus","routes":"14","route_count":1,"wheelchair":"Accessible boarding listed"},"geometry":{"type":"Point","coordinates":[-6.216231,53.385151]}},{"type":"Feature","id":"8220DB000249","properties":{"stop_id":"8220DB000249","stop_name":"Artaine Castle","mode":"Bus","modes":"Bus","routes":"14","route_count":1,"wheelchair":"Accessible boarding listed"},"geometry":{"type":"Point","coordinates":[-6.21615,53.384934]}},{"type":"Feature","id":"8220DB004473","properties":{"stop_id":"8220DB004473","stop_name":"Artane Castle SC","mode":"Bus","modes":"Bus","routes":"104","route_count":1,"wheelchair":"Accessible boarding listed"},"geometry":{"type":"Point","coordinates":[-6.214704,53.383914]}},{"type":"Feature","id":"8220DB004474","properties":{"stop_id":"8220DB004474","stop_name":"Artane Castle SC","mode":"Bus","modes":"Bus","routes":"104","route_count":1,"wheelchair":"Accessible boarding listed"},"geometry":{"type":"Point","coordinates":[-6.215191,53.384137]}},{"type":"Feature","id":"8220DB001197","properties":{"stop_id":"8220DB001197","stop_name":"Artane Cottages","mode":"Bus","modes":"Bus","routes":"15 · 27 · 42 · 43 · 104 · 27A · 27B · 27X · 42n","route_count":9,"wheelchair":"Accessible boarding listed"},"geometry":{"type":"Point","coordinates":[-6.211758,53.379232]}},{"type":"Feature","id":"8220DB001220","properties":{"stop_id":"8220DB001220","stop_name":"Artane Cottages","mode":"Bus","modes":"Bus","routes":"15 · 27 · 42 · 43 · 104 · 27A · 27B · 27X","route_count":8,"wheelchair":"Accessible boarding listed"},"geometry":{"type":"Point","coordinates":[-6.212199,53.378763]}},{"type":"Feature","id":"8220DB001198","properties":{"stop_id":"8220DB001198","stop_name":"Artane Rnbt","mode":"Bus","modes":"Bus","routes":"15 · 27 · 42 · 43 · 27A · 27B · 27X · 42n","route_count":8,"wheelchair":"Accessible boarding listed"},"geometry":{"type":"Point","coordinates":[-6.206916,53.382512]}},{"type":"Feature","id":"8220DB001277","properties":{"stop_id":"8220DB001277","stop_name":"Artane Rnbt","mode":"Bus","modes":"Bus","routes":"15 · 27 · 42 · 43 · 27A · 27B · 27X","route_count":7,"wheelchair":"Accessible boarding listed"},"geometry":{"type":"Point","coordinates":[-6.206217,53.382681]}},{"type":"Feature","id":"8230DB004612","properties":{"stop_id":"8230DB004612","stop_name":"Arthur Griffith Pk","mode":"Bus","modes":"Bus","routes":"C1 · L51","route_count":2,"wheelchair":"Accessible boarding listed"},"geometry":{"type":"Point","coordinates":[-6.44246287111903,53.3474491563756]}},{"type":"Feature","id":"8230DB004626","properties":{"stop_id":"8230DB004626","stop_name":"Arthur Griffith Pk","mode":"Bus","modes":"Bus","routes":"C1 · L51","route_count":2,"wheelchair":"Not listed as accessible"},"geometry":{"type":"Point","coordinates":[-6.4428134051696,53.3473099255832]}},{"type":"Feature","id":"8340LL11314","properties":{"stop_id":"8340LL11314","stop_name":"Arthurstown","mode":"Bus","modes":"Bus","routes":"399","route_count":1,"wheelchair":"Not listed as accessible"},"geometry":{"type":"Point","coordinates":[-6.951755,52.241976]}},{"type":"Feature","id":"8340LL11315","properties":{"stop_id":"8340LL11315","stop_name":"Arthurstown","mode":"Bus","modes":"Bus","routes":"399","route_count":1,"wheelchair":"Not listed as accessible"},"geometry":{"type":"Point","coordinates":[-6.950804,52.242128]}},{"type":"Feature","id":"8440B353271","properties":{"stop_id":"8440B353271","stop_name":"Arundel Square","mode":"Bus","modes":"Bus","routes":"W4","route_count":1,"wheelchair":"Accessible boarding listed"},"geometry":{"type":"Point","coordinates":[-7.11123,52.260145]}},{"type":"Feature","id":"8520B5573101","properties":{"stop_id":"8520B5573101","stop_name":"Arva","mode":"Bus","modes":"Bus","routes":"465 · 862","route_count":2,"wheelchair":"Accessible boarding listed"},"geometry":{"type":"Point","coordinates":[-7.58223,53.923206]}},{"type":"Feature","id":"8520B557471","properties":{"stop_id":"8520B557471","stop_name":"Arva","mode":"Bus","modes":"Bus","routes":"465","route_count":1,"wheelchair":"Not listed as accessible"},"geometry":{"type":"Point","coordinates":[-7.58239615627669,53.9232960273702]}},{"type":"Feature","id":"8520PB000028","properties":{"stop_id":"8520PB000028","stop_name":"Arva","mode":"Bus","modes":"Bus","routes":"862","route_count":1,"wheelchair":"Accessible boarding listed"},"geometry":{"type":"Point","coordinates":[-7.58170573824618,53.9223051505542]}},{"type":"Feature","id":"8230DB007230","properties":{"stop_id":"8230DB007230","stop_name":"Aryzta","mode":"Bus","modes":"Bus","routes":"13","route_count":1,"wheelchair":"Not listed as accessible"},"geometry":{"type":"Point","coordinates":[-6.453779,53.322376]}},{"type":"Feature","id":"8230DB007714","properties":{"stop_id":"8230DB007714","stop_name":"Aryzta","mode":"Bus","modes":"Bus","routes":"13","route_count":1,"wheelchair":"Not listed as accessible"},"geometry":{"type":"Point","coordinates":[-6.45221,53.32288]}},{"type":"Feature","id":"8370B2137801","properties":{"stop_id":"8370B2137801","stop_name":"Ascension Heights","mode":"Bus","modes":"Bus","routes":"201 · 202 · 202A","route_count":3,"wheelchair":"Accessible boarding listed"},"geometry":{"type":"Point","coordinates":[-8.496896,51.906789]}},{"type":"Feature","id":"8370B2369001","properties":{"stop_id":"8370B2369001","stop_name":"Ascension Heights","mode":"Bus","modes":"Bus","routes":"201 · 202A","route_count":2,"wheelchair":"Accessible boarding listed"},"geometry":{"type":"Point","coordinates":[-8.497822,51.906992]}},{"type":"Feature","id":"8390B3323401","properties":{"stop_id":"8390B3323401","stop_name":"Asdee","mode":"Bus","modes":"Bus","routes":"274","route_count":1,"wheelchair":"Accessible boarding listed"},"geometry":{"type":"Point","coordinates":[-9.560874,52.55205]}},{"type":"Feature","id":"8390B345731","properties":{"stop_id":"8390B345731","stop_name":"Asdee","mode":"Bus","modes":"Bus","routes":"274","route_count":1,"wheelchair":"Accessible boarding listed"},"geometry":{"type":"Point","coordinates":[-9.560861,52.551956]}},{"type":"Feature","id":"8430LL11420","properties":{"stop_id":"8430LL11420","stop_name":"Ash Court","mode":"Bus","modes":"Bus","routes":"CL1 · CL9","route_count":2,"wheelchair":"Accessible boarding listed"},"geometry":{"type":"Point","coordinates":[-7.731384,52.354507]}},{"type":"Feature","id":"8430LL11421","properties":{"stop_id":"8430LL11421","stop_name":"Ash Court","mode":"Bus","modes":"Bus","routes":"CL1 · CL9","route_count":2,"wheelchair":"Accessible boarding listed"},"geometry":{"type":"Point","coordinates":[-7.731192,52.354351]}},{"type":"Feature","id":"8390PB000949","properties":{"stop_id":"8390PB000949","stop_name":"Ash Gr","mode":"Bus","modes":"Bus","routes":"290A","route_count":1,"wheelchair":"Not listed as accessible"},"geometry":{"type":"Point","coordinates":[-9.728431,52.264717]}},{"type":"Feature","id":"8260DB007079","properties":{"stop_id":"8260DB007079","stop_name":"Ash Grove","mode":"Bus","modes":"Bus","routes":"L59 · X27","route_count":2,"wheelchair":"Accessible boarding listed"},"geometry":{"type":"Point","coordinates":[-6.54830384233831,53.3502218315639]}},{"type":"Feature","id":"851000034","properties":{"stop_id":"851000034","stop_name":"Ash Lane","mode":"Bus","modes":"Bus","routes":"964","route_count":1,"wheelchair":"Not listed as accessible"},"geometry":{"type":"Point","coordinates":[-8.46170228458034,54.2764684043519]}},{"type":"Feature","id":"8510B5248601","properties":{"stop_id":"8510B5248601","stop_name":"Ash Lane","mode":"Bus","modes":"Bus","routes":"449 · 462 · SI11","route_count":3,"wheelchair":"Accessible boarding listed"},"geometry":{"type":"Point","coordinates":[-8.46022532557866,54.276204481465]}},{"type":"Feature","id":"8310B133631","properties":{"stop_id":"8310B133631","stop_name":"Ashbourne","mode":"Bus","modes":"Bus","routes":"103 · 105 · 195 · 197 · 103X · 109A · 109D","route_count":7,"wheelchair":"Accessible boarding listed"},"geometry":{"type":"Point","coordinates":[-6.39738,53.51125]}},{"type":"Feature","id":"8310B1524201","properties":{"stop_id":"8310B1524201","stop_name":"Ashbourne","mode":"Bus","modes":"Bus","routes":"103 · 105 · 193 · 194 · 195 · 197 · 103X · 109A · 109D","route_count":9,"wheelchair":"Accessible boarding listed"},"geometry":{"type":"Point","coordinates":[-6.39774,53.51129]}},{"type":"Feature","id":"840000005","properties":{"stop_id":"840000005","stop_name":"Ashbourne Avenue","mode":"Bus","modes":"Bus","routes":"UL06","route_count":1,"wheelchair":"Not listed as accessible"},"geometry":{"type":"Point","coordinates":[-8.64692,52.65384]}},{"type":"Feature","id":"831000111","properties":{"stop_id":"831000111","stop_name":"Ashbourne BP","mode":"Bus","modes":"Bus","routes":"195","route_count":1,"wheelchair":"Not listed as accessible"},"geometry":{"type":"Point","coordinates":[-6.411804,53.524302]}},{"type":"Feature","id":"831000112","properties":{"stop_id":"831000112","stop_name":"Ashbourne BP","mode":"Bus","modes":"Bus","routes":"195","route_count":1,"wheelchair":"Not listed as accessible"},"geometry":{"type":"Point","coordinates":[-6.41183,53.52389]}},{"type":"Feature","id":"8310B1370901","properties":{"stop_id":"8310B1370901","stop_name":"Ashbourne Comm Coll","mode":"Bus","modes":"Bus","routes":"103 · 105 · 197 · 103X · 109A · 109D · UM03","route_count":7,"wheelchair":"Accessible boarding listed"},"geometry":{"type":"Point","coordinates":[-6.390596,53.503652]}},{"type":"Feature","id":"831000116","properties":{"stop_id":"831000116","stop_name":"Ashbourne RP","mode":"Bus","modes":"Bus","routes":"193 · 194","route_count":2,"wheelchair":"Not listed as accessible"},"geometry":{"type":"Point","coordinates":[-6.41164058675632,53.5214150081024]}},{"type":"Feature","id":"8220DB000527","properties":{"stop_id":"8220DB000527","stop_name":"Ashbrook","mode":"Bus","modes":"Bus","routes":"6 · H1 · H2 · H3 · N4 · 29n","route_count":6,"wheelchair":"Accessible boarding listed"},"geometry":{"type":"Point","coordinates":[-6.21267888054445,53.3680198762275]}},{"type":"Feature","id":"8220DB000610","properties":{"stop_id":"8220DB000610","stop_name":"Ashbrook","mode":"Bus","modes":"Bus","routes":"6 · H1 · H2 · H3 · N4","route_count":5,"wheelchair":"Accessible boarding listed"},"geometry":{"type":"Point","coordinates":[-6.211538,53.368362]}},{"type":"Feature","id":"830000045","properties":{"stop_id":"830000045","stop_name":"Ashbrook","mode":"Bus","modes":"Bus","routes":"917","route_count":1,"wheelchair":"Accessible boarding listed"},"geometry":{"type":"Point","coordinates":[-6.399165,53.99597]}},{"type":"Feature","id":"8300B0068023","properties":{"stop_id":"8300B0068023","stop_name":"Ashbrook","mode":"Bus","modes":"Bus","routes":"174","route_count":1,"wheelchair":"Not listed as accessible"},"geometry":{"type":"Point","coordinates":[-6.39865,53.99547]}},{"type":"Feature","id":"8420B301181","properties":{"stop_id":"8420B301181","stop_name":"Ashe Road","mode":"Bus","modes":"Bus","routes":"323","route_count":1,"wheelchair":"Accessible boarding listed"},"geometry":{"type":"Point","coordinates":[-8.204469,52.864224]}},{"type":"Feature","id":"8440B352201","properties":{"stop_id":"8440B352201","stop_name":"Ashe Road","mode":"Bus","modes":"Bus","routes":"W1 · W2","route_count":2,"wheelchair":"Not listed as accessible"},"geometry":{"type":"Point","coordinates":[-7.127478,52.249543]}},{"type":"Feature","id":"8390PB000918","properties":{"stop_id":"8390PB000918","stop_name":"Ashe Street","mode":"Bus","modes":"Bus","routes":"290A · 290B","route_count":2,"wheelchair":"Accessible boarding listed"},"geometry":{"type":"Point","coordinates":[-9.703525,52.2705]}},{"type":"Feature","id":"8330PB14086","properties":{"stop_id":"8330PB14086","stop_name":"Ashefield","mode":"Bus","modes":"Bus","routes":"MU2","route_count":1,"wheelchair":"Accessible boarding listed"},"geometry":{"type":"Point","coordinates":[-7.3546,53.53239]}},{"type":"Feature","id":"8330PB14087","properties":{"stop_id":"8330PB14087","stop_name":"Ashefield","mode":"Bus","modes":"Bus","routes":"MU2","route_count":1,"wheelchair":"Accessible boarding listed"},"geometry":{"type":"Point","coordinates":[-7.35401,53.53259]}},{"type":"Feature","id":"8240B109321","properties":{"stop_id":"8240B109321","stop_name":"Ashfield","mode":"Bus","modes":"Bus","routes":"B1","route_count":1,"wheelchair":"Accessible boarding listed"},"geometry":{"type":"Point","coordinates":[-6.19443481944903,53.6135043597498]}},{"type":"Feature","id":"8240DB001865","properties":{"stop_id":"8240DB001865","stop_name":"Ashfield Gardens","mode":"Bus","modes":"Bus","routes":"39 · 220 · 39A · 220A","route_count":4,"wheelchair":"Accessible boarding listed"},"geometry":{"type":"Point","coordinates":[-6.40644280565797,53.4010446332512]}},{"type":"Feature","id":"8240DB001866","properties":{"stop_id":"8240DB001866","stop_name":"Ashfield Park","mode":"Bus","modes":"Bus","routes":"39 · 220 · 39A · 220A","route_count":4,"wheelchair":"Accessible boarding listed"},"geometry":{"type":"Point","coordinates":[-6.402816,53.3999]}},{"type":"Feature","id":"8350B102391","properties":{"stop_id":"8350B102391","stop_name":"Ashford","mode":"Bus","modes":"Bus","routes":"131 · 133 · 183","route_count":3,"wheelchair":"Accessible boarding listed"},"geometry":{"type":"Point","coordinates":[-6.107432,53.012967]}},{"type":"Feature","id":"8350B1061501","properties":{"stop_id":"8350B1061501","stop_name":"Ashford","mode":"Bus","modes":"Bus","routes":"131 · 133 · 183","route_count":3,"wheelchair":"Accessible boarding listed"},"geometry":{"type":"Point","coordinates":[-6.10812105530739,53.0123672763428]}},{"type":"Feature","id":"8210CO11146","properties":{"stop_id":"8210CO11146","stop_name":"Ashgrove","mode":"Bus","modes":"Bus","routes":"CW2","route_count":1,"wheelchair":"Accessible boarding listed"},"geometry":{"type":"Point","coordinates":[-6.912407,52.830639]}},{"type":"Feature","id":"8260B1027801","properties":{"stop_id":"8260B1027801","stop_name":"Ashgrove","mode":"Bus","modes":"Bus","routes":"120 · 120X · UM19","route_count":3,"wheelchair":"Accessible boarding listed"},"geometry":{"type":"Point","coordinates":[-6.944489,53.342026]}},{"type":"Feature","id":"8260B1047001","properties":{"stop_id":"8260B1047001","stop_name":"Ashgrove","mode":"Bus","modes":"Bus","routes":"120 · 120A · 120E · 120X · UM19","route_count":5,"wheelchair":"Not listed as accessible"},"geometry":{"type":"Point","coordinates":[-6.944605,53.342207]}},{"type":"Feature","id":"830000034","properties":{"stop_id":"830000034","stop_name":"Ashgrove","mode":"Bus","modes":"Bus","routes":"169","route_count":1,"wheelchair":"Not listed as accessible"},"geometry":{"type":"Point","coordinates":[-6.37571,53.99341]}},{"type":"Feature","id":"8300B0680401","properties":{"stop_id":"8300B0680401","stop_name":"Ashgrove","mode":"Bus","modes":"Bus","routes":"174B","route_count":1,"wheelchair":"Not listed as accessible"},"geometry":{"type":"Point","coordinates":[-6.37547,53.99391]}},{"type":"Feature","id":"8300PB001676","properties":{"stop_id":"8300PB001676","stop_name":"Ashgrove","mode":"Bus","modes":"Bus","routes":"169 · 916","route_count":2,"wheelchair":"Not listed as accessible"},"geometry":{"type":"Point","coordinates":[-6.37557,53.99348]}},{"type":"Feature","id":"8370B2415601","properties":{"stop_id":"8370B2415601","stop_name":"Ashgrove Vlls","mode":"Bus","modes":"Bus","routes":"207","route_count":1,"wheelchair":"Accessible boarding listed"},"geometry":{"type":"Point","coordinates":[-8.448023,51.917898]}},{"type":"Feature","id":"8380B2105801","properties":{"stop_id":"8380B2105801","stop_name":"Ashington","mode":"Bus","modes":"Bus","routes":"31 · 214","route_count":2,"wheelchair":"Accessible boarding listed"},"geometry":{"type":"Point","coordinates":[-8.38037234709182,51.9303251443578]}},{"type":"Feature","id":"8220DB004524","properties":{"stop_id":"8220DB004524","stop_name":"Ashington Avenue","mode":"Bus","modes":"Bus","routes":"122","route_count":1,"wheelchair":"Accessible boarding listed"},"geometry":{"type":"Point","coordinates":[-6.315744,53.371676]}},{"type":"Feature","id":"8220DB004526","properties":{"stop_id":"8220DB004526","stop_name":"Ashington Avenue","mode":"Bus","modes":"Bus","routes":"122","route_count":1,"wheelchair":"Accessible boarding listed"},"geometry":{"type":"Point","coordinates":[-6.315276,53.372119]}},{"type":"Feature","id":"8220DB004322","properties":{"stop_id":"8220DB004322","stop_name":"Ashington Park","mode":"Bus","modes":"Bus","routes":"122","route_count":1,"wheelchair":"Not listed as accessible"},"geometry":{"type":"Point","coordinates":[-6.311255,53.373473]}},{"type":"Feature","id":"8220DB004525","properties":{"stop_id":"8220DB004525","stop_name":"Ashington Park","mode":"Bus","modes":"Bus","routes":"122","route_count":1,"wheelchair":"Not listed as accessible"},"geometry":{"type":"Point","coordinates":[-6.311391,53.373448]}},{"type":"Feature","id":"8250DB002844","properties":{"stop_id":"8250DB002844","stop_name":"Ashlawn","mode":"Bus","modes":"Bus","routes":"14","route_count":1,"wheelchair":"Accessible boarding listed"},"geometry":{"type":"Point","coordinates":[-6.24489,53.282643]}},{"type":"Feature","id":"8250DB002862","properties":{"stop_id":"8250DB002862","stop_name":"Ashlawn","mode":"Bus","modes":"Bus","routes":"14 · 46n","route_count":2,"wheelchair":"Accessible boarding listed"},"geometry":{"type":"Point","coordinates":[-6.245194,53.282917]}},{"type":"Feature","id":"8250DB003224","properties":{"stop_id":"8250DB003224","stop_name":"Ashlawn","mode":"Bus","modes":"Bus","routes":"7 · 7A · 7B · 7E · 111","route_count":5,"wheelchair":"Not listed as accessible"},"geometry":{"type":"Point","coordinates":[-6.132365,53.251946]}},{"type":"Feature","id":"8470PB000644","properties":{"stop_id":"8470PB000644","stop_name":"Ashlawn","mode":"Bus","modes":"Bus","routes":"920","route_count":1,"wheelchair":"Accessible boarding listed"},"geometry":{"type":"Point","coordinates":[-8.575284,53.200192]}},{"type":"Feature","id":"8470PB000652","properties":{"stop_id":"8470PB000652","stop_name":"Ashlawn","mode":"Bus","modes":"Bus","routes":"920","route_count":1,"wheelchair":"Accessible boarding listed"},"geometry":{"type":"Point","coordinates":[-8.575298,53.200129]}},{"type":"Feature","id":"8220DB002327","properties":{"stop_id":"8220DB002327","stop_name":"Ashleaf","mode":"Bus","modes":"Bus","routes":"27 · 82 · S4 · 150","route_count":4,"wheelchair":"Accessible boarding listed"},"geometry":{"type":"Point","coordinates":[-6.316763,53.316854]}},{"type":"Feature","id":"8220DB002416","properties":{"stop_id":"8220DB002416","stop_name":"Ashleaf","mode":"Bus","modes":"Bus","routes":"F3","route_count":1,"wheelchair":"Accessible boarding listed"},"geometry":{"type":"Point","coordinates":[-6.317819,53.316339]}},{"type":"Feature","id":"8220DB002434","properties":{"stop_id":"8220DB002434","stop_name":"Ashleaf","mode":"Bus","modes":"Bus","routes":"F3 · S4","route_count":2,"wheelchair":"Accessible boarding listed"},"geometry":{"type":"Point","coordinates":[-6.31606,53.316027]}},{"type":"Feature","id":"8230DB002320","properties":{"stop_id":"8230DB002320","stop_name":"Ashleaf","mode":"Bus","modes":"Bus","routes":"82 · 150","route_count":2,"wheelchair":"Accessible boarding listed"},"geometry":{"type":"Point","coordinates":[-6.317011,53.315887]}},{"type":"Feature","id":"8230DB005150","properties":{"stop_id":"8230DB005150","stop_name":"Ashleaf SC","mode":"Bus","modes":"Bus","routes":"82 · 150","route_count":2,"wheelchair":"Accessible boarding listed"},"geometry":{"type":"Point","coordinates":[-6.317369,53.315578]}},{"type":"Feature","id":"8240DB001675","properties":{"stop_id":"8240DB001675","stop_name":"Ashleigh Green","mode":"Bus","modes":"Bus","routes":"37 · 38 · 70D · 70n","route_count":4,"wheelchair":"Accessible boarding listed"},"geometry":{"type":"Point","coordinates":[-6.36775,53.379355]}},{"type":"Feature","id":"8240DB001687","properties":{"stop_id":"8240DB001687","stop_name":"Ashleigh Green","mode":"Bus","modes":"Bus","routes":"37 · 38 · 70D","route_count":3,"wheelchair":"Accessible boarding listed"},"geometry":{"type":"Point","coordinates":[-6.367712,53.379588]}},{"type":"Feature","id":"8370B2428301","properties":{"stop_id":"8370B2428301","stop_name":"Ashleigh Rise","mode":"Bus","modes":"Bus","routes":"215 · 219 · 215A","route_count":3,"wheelchair":"Accessible boarding listed"},"geometry":{"type":"Point","coordinates":[-8.422576931704,51.8877163372006]}},{"type":"Feature","id":"8370B2429801","properties":{"stop_id":"8370B2429801","stop_name":"Ashleigh Rise","mode":"Bus","modes":"Bus","routes":"215 · 219 · 215A","route_count":3,"wheelchair":"Accessible boarding listed"},"geometry":{"type":"Point","coordinates":[-8.424344,51.887144]}},{"type":"Feature","id":"8240DB001040","properties":{"stop_id":"8240DB001040","stop_name":"Ashley Drive","mode":"Bus","modes":"Bus","routes":"102 · 506 · 102A · 102P · 102T","route_count":5,"wheelchair":"Accessible boarding listed"},"geometry":{"type":"Point","coordinates":[-6.212065,53.454036]}},{"type":"Feature","id":"8240DB001041","properties":{"stop_id":"8240DB001041","stop_name":"Ashley Drive","mode":"Bus","modes":"Bus","routes":"102 · 507 · 102P · 102T","route_count":4,"wheelchair":"Not listed as accessible"},"geometry":{"type":"Point","coordinates":[-6.211763,53.454058]}},{"type":"Feature","id":"8370B246481","properties":{"stop_id":"8370B246481","stop_name":"Ashmount","mode":"Bus","modes":"Bus","routes":"208","route_count":1,"wheelchair":"Not listed as accessible"},"geometry":{"type":"Point","coordinates":[-8.41954,51.909508]}},{"type":"Feature","id":"8370B246501","properties":{"stop_id":"8370B246501","stop_name":"Ashmount","mode":"Bus","modes":"Bus","routes":"208","route_count":1,"wheelchair":"Accessible boarding listed"},"geometry":{"type":"Point","coordinates":[-8.419864,51.909929]}},{"type":"Feature","id":"8370B246491","properties":{"stop_id":"8370B246491","stop_name":"Ashmount Ct","mode":"Bus","modes":"Bus","routes":"208","route_count":1,"wheelchair":"Accessible boarding listed"},"geometry":{"type":"Point","coordinates":[-8.419208,51.908152]}},{"type":"Feature","id":"8350DB004117","properties":{"stop_id":"8350DB004117","stop_name":"Ashridge Green","mode":"Bus","modes":"Bus","routes":"44","route_count":1,"wheelchair":"Not listed as accessible"},"geometry":{"type":"Point","coordinates":[-6.176768,53.200573]}},{"type":"Feature","id":"8350DB006097","properties":{"stop_id":"8350DB006097","stop_name":"Ashridge Green","mode":"Bus","modes":"Bus","routes":"44","route_count":1,"wheelchair":"Not listed as accessible"},"geometry":{"type":"Point","coordinates":[-6.17639,53.200315]}},{"type":"Feature","id":"8370B2368101","properties":{"stop_id":"8370B2368101","stop_name":"Ashton Park","mode":"Bus","modes":"Bus","routes":"202 · 202A","route_count":2,"wheelchair":"Accessible boarding listed"},"geometry":{"type":"Point","coordinates":[-8.45037238633898,51.8940405324416]}},{"type":"Feature","id":"8370B2370601","properties":{"stop_id":"8370B2370601","stop_name":"Ashton Park","mode":"Bus","modes":"Bus","routes":"202 · 202A","route_count":2,"wheelchair":"Accessible boarding listed"},"geometry":{"type":"Point","coordinates":[-8.44986559101292,51.8942132657482]}},{"type":"Feature","id":"8370B246511","properties":{"stop_id":"8370B246511","stop_name":"Ashton School","mode":"Bus","modes":"Bus","routes":"215A","route_count":1,"wheelchair":"Accessible boarding listed"},"geometry":{"type":"Point","coordinates":[-8.453179,51.891405]}},{"type":"Feature","id":"8220IR0013","properties":{"stop_id":"8220IR0013","stop_name":"Ashtown","mode":"Rail","modes":"Rail","routes":"rail","route_count":1,"wheelchair":"Accessibility not listed"},"geometry":{"type":"Point","coordinates":[-6.332386,53.375258]}},{"type":"Feature","id":"8220DB001695","properties":{"stop_id":"8220DB001695","stop_name":"Ashtown Gate","mode":"Bus","modes":"Bus","routes":"37 · 70D","route_count":2,"wheelchair":"Accessible boarding listed"},"geometry":{"type":"Point","coordinates":[-6.334256,53.37101]}},{"type":"Feature","id":"8220DB001664","properties":{"stop_id":"8220DB001664","stop_name":"Ashtown Grove","mode":"Bus","modes":"Bus","routes":"37 · 38 · 39 · 70 · 38A · 38B · 38D · 39A · 70D · 70n","route_count":10,"wheelchair":"Accessible boarding listed"},"geometry":{"type":"Point","coordinates":[-6.323859,53.369408]}},{"type":"Feature","id":"8220DB001698","properties":{"stop_id":"8220DB001698","stop_name":"Ashtown Grove","mode":"Bus","modes":"Bus","routes":"37 · 38 · 39 · 70 · 38A · 38B · 38D · 39A · 70D","route_count":9,"wheelchair":"Accessible boarding listed"},"geometry":{"type":"Point","coordinates":[-6.323717,53.369577]}},{"type":"Feature","id":"8220DB001666","properties":{"stop_id":"8220DB001666","stop_name":"Ashtown Roundabout","mode":"Bus","modes":"Bus","routes":"37 · 38 · 39 · 70 · 109 · 111 · 38A · 38B · 38D · 39A · 39X · 70D · 70n · 870 · 109B","route_count":15,"wheelchair":"Accessible boarding listed"},"geometry":{"type":"Point","coordinates":[-6.330596,53.371597]}},{"type":"Feature","id":"8220DB001696","properties":{"stop_id":"8220DB001696","stop_name":"Ashtown Roundabout","mode":"Bus","modes":"Bus","routes":"37 · 38 · 39 · 70 · 109 · 111 · 179 · 38A · 38B · 38D · 39A · 39X · 70D · 109B","route_count":14,"wheelchair":"Accessible boarding listed"},"geometry":{"type":"Point","coordinates":[-6.329831,53.371541]}},{"type":"Feature","id":"8400B6068901","properties":{"stop_id":"8400B6068901","stop_name":"Ashwood Ave","mode":"Bus","modes":"Bus","routes":"302 · UL06","route_count":2,"wheelchair":"Accessible boarding listed"},"geometry":{"type":"Point","coordinates":[-8.657774,52.677678]}},{"type":"Feature","id":"8210CO11135","properties":{"stop_id":"8210CO11135","stop_name":"Askea","mode":"Bus","modes":"Bus","routes":"CW2","route_count":1,"wheelchair":"Accessible boarding listed"},"geometry":{"type":"Point","coordinates":[-6.91079,52.835379]}},{"type":"Feature","id":"8210CO11148","properties":{"stop_id":"8210CO11148","stop_name":"Askea","mode":"Bus","modes":"Bus","routes":"CW2","route_count":1,"wheelchair":"Accessible boarding listed"},"geometry":{"type":"Point","coordinates":[-6.911193,52.835257]}},{"type":"Feature","id":"8410B3321401","properties":{"stop_id":"8410B3321401","stop_name":"Askeaton","mode":"Bus","modes":"Bus","routes":"314","route_count":1,"wheelchair":"Accessible boarding listed"},"geometry":{"type":"Point","coordinates":[-8.97290529814276,52.6003497206897]}},{"type":"Feature","id":"8410B335491","properties":{"stop_id":"8410B335491","stop_name":"Askeaton","mode":"Bus","modes":"Bus","routes":"314","route_count":1,"wheelchair":"Accessible boarding listed"},"geometry":{"type":"Point","coordinates":[-8.97298108684832,52.600438982111]}},{"type":"Feature","id":"838000013","properties":{"stop_id":"838000013","stop_name":"Assumption Place","mode":"Bus","modes":"Bus","routes":"250","route_count":1,"wheelchair":"Not listed as accessible"},"geometry":{"type":"Point","coordinates":[-8.30589266512893,51.8530555257052]}},{"type":"Feature","id":"8400B6092401","properties":{"stop_id":"8400B6092401","stop_name":"Aster Court","mode":"Bus","modes":"Bus","routes":"303","route_count":1,"wheelchair":"Accessible boarding listed"},"geometry":{"type":"Point","coordinates":[-8.609456,52.645417]}},{"type":"Feature","id":"8220DB000325","properties":{"stop_id":"8220DB000325","stop_name":"Aston Quay","mode":"Bus","modes":"Bus","routes":"4 · 69n · 782 · 783","route_count":4,"wheelchair":"Accessible boarding listed"},"geometry":{"type":"Point","coordinates":[-6.2599082595371,53.3466970502533]}},{"type":"Feature","id":"8220DB000328","properties":{"stop_id":"8220DB000328","stop_name":"Aston Quay","mode":"Bus","modes":"Bus","routes":"39 · 39A · 39X","route_count":3,"wheelchair":"Accessible boarding listed"},"geometry":{"type":"Point","coordinates":[-6.26144,53.346333]}},{"type":"Feature","id":"8220DB000329","properties":{"stop_id":"8220DB000329","stop_name":"Aston Quay","mode":"Bus","modes":"Bus","routes":"37 · 70 · 860 · 704x","route_count":4,"wheelchair":"Not listed as accessible"},"geometry":{"type":"Point","coordinates":[-6.261683,53.346274]}},{"type":"Feature","id":"8220DB004720","properties":{"stop_id":"8220DB004720","stop_name":"Aston Quay","mode":"Bus","modes":"Bus","routes":"69 · 73 · 69X","route_count":3,"wheelchair":"Accessible boarding listed"},"geometry":{"type":"Point","coordinates":[-6.260273,53.346595]}},{"type":"Feature","id":"8220DB007392","properties":{"stop_id":"8220DB007392","stop_name":"Aston Quay","mode":"Bus","modes":"Bus","routes":"52 · C1 · C2 · C3 · C4 · C5 · C6 · 51D · P29 · X25 · X27 · X28 · X30 · X31 · X32","route_count":15,"wheelchair":"Accessible boarding listed"},"geometry":{"type":"Point","coordinates":[-6.261122,53.346439]}},{"type":"Feature","id":"8300B136021","properties":{"stop_id":"8300B136021","stop_name":"Aston Village","mode":"Bus","modes":"Bus","routes":"D5 · 101X","route_count":2,"wheelchair":"Accessible boarding listed"},"geometry":{"type":"Point","coordinates":[-6.32981665048642,53.7328842374733]}},{"type":"Feature","id":"830000075","properties":{"stop_id":"830000075","stop_name":"Ath Lethan","mode":"Bus","modes":"Bus","routes":"DF01","route_count":1,"wheelchair":"Not listed as accessible"},"geometry":{"type":"Point","coordinates":[-6.38206957231751,54.0163570878124]}},{"type":"Feature","id":"831000030","properties":{"stop_id":"831000030","stop_name":"Athboy","mode":"Bus","modes":"Bus","routes":"188","route_count":1,"wheelchair":"Not listed as accessible"},"geometry":{"type":"Point","coordinates":[-6.922393,53.621096]}},{"type":"Feature","id":"8310B1030201","properties":{"stop_id":"8310B1030201","stop_name":"Athboy","mode":"Bus","modes":"Bus","routes":"111 · 109B · 111A · 111X · UM09","route_count":5,"wheelchair":"Not listed as accessible"},"geometry":{"type":"Point","coordinates":[-6.92100069740218,53.6217399057861]}},{"type":"Feature","id":"8310B1358901","properties":{"stop_id":"8310B1358901","stop_name":"Athboy","mode":"Bus","modes":"Bus","routes":"111 · 109B · 111A · 111X · UM09","route_count":5,"wheelchair":"Not listed as accessible"},"geometry":{"type":"Point","coordinates":[-6.92067920025508,53.6218987726493]}},{"type":"Feature","id":"841000014","properties":{"stop_id":"841000014","stop_name":"Athea","mode":"Bus","modes":"Bus","routes":"595","route_count":1,"wheelchair":"Not listed as accessible"},"geometry":{"type":"Point","coordinates":[-9.285509,52.46092]}},{"type":"Feature","id":"841000064","properties":{"stop_id":"841000064","stop_name":"Athea","mode":"Bus","modes":"Bus","routes":"595","route_count":1,"wheelchair":"Accessible boarding listed"},"geometry":{"type":"Point","coordinates":[-9.285243,52.460869]}},{"type":"Feature","id":"8470IR0043","properties":{"stop_id":"8470IR0043","stop_name":"Athenry","mode":"Rail","modes":"Rail","routes":"rail","route_count":1,"wheelchair":"Accessibility not listed"},"geometry":{"type":"Point","coordinates":[-8.748547,53.30153]}},{"type":"Feature","id":"8470LL12642","properties":{"stop_id":"8470LL12642","stop_name":"Athenry Road","mode":"Bus","modes":"Bus","routes":"439","route_count":1,"wheelchair":"Accessible boarding listed"},"geometry":{"type":"Point","coordinates":[-8.58371,53.20139]}},{"type":"Feature","id":"8260LL11670","properties":{"stop_id":"8260LL11670","stop_name":"Athgarvan","mode":"Bus","modes":"Bus","routes":"892","route_count":1,"wheelchair":"Accessible boarding listed"},"geometry":{"type":"Point","coordinates":[-6.777669,53.153032]}},{"type":"Feature","id":"8260LL11689","properties":{"stop_id":"8260LL11689","stop_name":"Athgarvan","mode":"Bus","modes":"Bus","routes":"892","route_count":1,"wheelchair":"Accessible boarding listed"},"geometry":{"type":"Point","coordinates":[-6.777905,53.153423]}},{"type":"Feature","id":"841000013","properties":{"stop_id":"841000013","stop_name":"Athlacca","mode":"Bus","modes":"Bus","routes":"327","route_count":1,"wheelchair":"Not listed as accessible"},"geometry":{"type":"Point","coordinates":[-8.65061,52.45763]}},{"type":"Feature","id":"8410PB14554","properties":{"stop_id":"8410PB14554","stop_name":"Athlacca","mode":"Bus","modes":"Bus","routes":"327","route_count":1,"wheelchair":"Accessible boarding listed"},"geometry":{"type":"Point","coordinates":[-8.65048,52.45767]}},{"type":"Feature","id":"8500B530121","properties":{"stop_id":"8500B530121","stop_name":"Athleague","mode":"Bus","modes":"Bus","routes":"65 · 425 · 433","route_count":3,"wheelchair":"Not listed as accessible"},"geometry":{"type":"Point","coordinates":[-8.25703,53.567699]}},{"type":"Feature","id":"8500B530341","properties":{"stop_id":"8500B530341","stop_name":"Athleague","mode":"Bus","modes":"Bus","routes":"65 · 425 · 433","route_count":3,"wheelchair":"Accessible boarding listed"},"geometry":{"type":"Point","coordinates":[-8.256924,53.567609]}},{"type":"Feature","id":"8330IR0107","properties":{"stop_id":"8330IR0107","stop_name":"Athlone","mode":"Rail","modes":"Rail","routes":"rail","route_count":1,"wheelchair":"Accessibility not listed"},"geometry":{"type":"Point","coordinates":[-7.935736,53.426785]}},{"type":"Feature","id":"8330B455581","properties":{"stop_id":"8330B455581","stop_name":"Athlone Business Pk","mode":"Bus","modes":"Bus","routes":"A1 · A2","route_count":2,"wheelchair":"Accessible boarding listed"},"geometry":{"type":"Point","coordinates":[-7.89671,53.41402]}},{"type":"Feature","id":"8330B455611","properties":{"stop_id":"8330B455611","stop_name":"Athlone Business Pk","mode":"Bus","modes":"Bus","routes":"A1 · A2","route_count":2,"wheelchair":"Not listed as accessible"},"geometry":{"type":"Point","coordinates":[-7.89706,53.41401]}},{"type":"Feature","id":"8330B455691","properties":{"stop_id":"8330B455691","stop_name":"Athlone Stn","mode":"Bus","modes":"Bus","routes":"A1 · A2 · 548 · 819","route_count":4,"wheelchair":"Accessible boarding listed"},"geometry":{"type":"Point","coordinates":[-7.93635,53.42685]}},{"type":"Feature","id":"8330B5551001","properties":{"stop_id":"8330B5551001","stop_name":"Athlone Stn","mode":"Bus","modes":"Bus","routes":"70 · 72 · 73 · 190 · 440 · 461 · 466","route_count":7,"wheelchair":"Accessible boarding listed"},"geometry":{"type":"Point","coordinates":[-7.93517,53.42677]}},{"type":"Feature","id":"8330B9910001","properties":{"stop_id":"8330B9910001","stop_name":"Athlone Stn","mode":"Bus","modes":"Bus","routes":"A1 · A2 · 548 · 815 · 819 · 850","route_count":6,"wheelchair":"Accessible boarding listed"},"geometry":{"type":"Point","coordinates":[-7.93523,53.42659]}},{"type":"Feature","id":"8310B189461","properties":{"stop_id":"8310B189461","stop_name":"Athlumney Vllge","mode":"Bus","modes":"Bus","routes":"188 · NV1","route_count":2,"wheelchair":"Accessible boarding listed"},"geometry":{"type":"Point","coordinates":[-6.666172,53.650779]}},{"type":"Feature","id":"8310B189471","properties":{"stop_id":"8310B189471","stop_name":"Athlumney Vllge","mode":"Bus","modes":"Bus","routes":"188 · NV1","route_count":2,"wheelchair":"Accessible boarding listed"},"geometry":{"type":"Point","coordinates":[-6.665642,53.650782]}},{"type":"Feature","id":"8360B6066901","properties":{"stop_id":"8360B6066901","stop_name":"Athlunkard","mode":"Bus","modes":"Bus","routes":"301","route_count":1,"wheelchair":"Accessible boarding listed"},"geometry":{"type":"Point","coordinates":[-8.603589,52.686136]}},{"type":"Feature","id":"8360B6066301","properties":{"stop_id":"8360B6066301","stop_name":"Athlunkard Ave","mode":"Bus","modes":"Bus","routes":"301","route_count":1,"wheelchair":"Accessible boarding listed"},"geometry":{"type":"Point","coordinates":[-8.608174,52.685052]}},{"type":"Feature","id":"8360B606751","properties":{"stop_id":"8360B606751","stop_name":"Athlunkard Br","mode":"Bus","modes":"Bus","routes":"301 · 345","route_count":2,"wheelchair":"Accessible boarding listed"},"geometry":{"type":"Point","coordinates":[-8.610971,52.680948]}},{"type":"Feature","id":"8360B606761","properties":{"stop_id":"8360B606761","stop_name":"Athlunkard Br","mode":"Bus","modes":"Bus","routes":"301 · 345","route_count":2,"wheelchair":"Accessible boarding listed"},"geometry":{"type":"Point","coordinates":[-8.611704,52.680486]}},{"type":"Feature","id":"8400B6055901","properties":{"stop_id":"8400B6055901","stop_name":"Athlunkard Street","mode":"Bus","modes":"Bus","routes":"301","route_count":1,"wheelchair":"Not listed as accessible"},"geometry":{"type":"Point","coordinates":[-8.619412,52.669148]}},{"type":"Feature","id":"8400B6068001","properties":{"stop_id":"8400B6068001","stop_name":"Athlunkard Street","mode":"Bus","modes":"Bus","routes":"301","route_count":1,"wheelchair":"Not listed as accessible"},"geometry":{"type":"Point","coordinates":[-8.61915987776054,52.6691315490888]}},{"type":"Feature","id":"8260B1355802","properties":{"stop_id":"8260B1355802","stop_name":"Athy","mode":"Bus","modes":"Bus","routes":"130 · 897","route_count":2,"wheelchair":"Not listed as accessible"},"geometry":{"type":"Point","coordinates":[-6.987569,52.991461]}},{"type":"Feature","id":"8260B136421","properties":{"stop_id":"8260B136421","stop_name":"Athy","mode":"Bus","modes":"Bus","routes":"130 · 883 · 897 · 130A · UM06","route_count":5,"wheelchair":"Not listed as accessible"},"geometry":{"type":"Point","coordinates":[-6.9842,52.992223]}},{"type":"Feature","id":"8260IR0055","properties":{"stop_id":"8260IR0055","stop_name":"Athy","mode":"Rail","modes":"Rail","routes":"rail","route_count":1,"wheelchair":"Accessibility not listed"},"geometry":{"type":"Point","coordinates":[-6.976597,52.992466]}},{"type":"Feature","id":"8260LL11951","properties":{"stop_id":"8260LL11951","stop_name":"Athy","mode":"Bus","modes":"Bus","routes":"883","route_count":1,"wheelchair":"Not listed as accessible"},"geometry":{"type":"Point","coordinates":[-6.98407,52.99144]}},{"type":"Feature","id":"8260LL12256","properties":{"stop_id":"8260LL12256","stop_name":"Athy","mode":"Bus","modes":"Bus","routes":"888","route_count":1,"wheelchair":"Not listed as accessible"},"geometry":{"type":"Point","coordinates":[-6.98352,52.9929]}},{"type":"Feature","id":"8260LL12257","properties":{"stop_id":"8260LL12257","stop_name":"Athy","mode":"Bus","modes":"Bus","routes":"888","route_count":1,"wheelchair":"Not listed as accessible"},"geometry":{"type":"Point","coordinates":[-6.98379,52.99303]}},{"type":"Feature","id":"828000051","properties":{"stop_id":"828000051","stop_name":"Athy","mode":"Bus","modes":"Bus","routes":"UM06","route_count":1,"wheelchair":"Not listed as accessible"},"geometry":{"type":"Point","coordinates":[-6.984037,52.992177]}},{"type":"Feature","id":"8260LL12252","properties":{"stop_id":"8260LL12252","stop_name":"Athy College","mode":"Bus","modes":"Bus","routes":"888","route_count":1,"wheelchair":"Accessible boarding listed"},"geometry":{"type":"Point","coordinates":[-6.98763,53.00128]}},{"type":"Feature","id":"8260LL12253","properties":{"stop_id":"8260LL12253","stop_name":"Athy College","mode":"Bus","modes":"Bus","routes":"888","route_count":1,"wheelchair":"Not listed as accessible"},"geometry":{"type":"Point","coordinates":[-6.9879,53.00126]}},{"type":"Feature","id":"826000046","properties":{"stop_id":"826000046","stop_name":"Athy H Cntr","mode":"Bus","modes":"Bus","routes":"883","route_count":1,"wheelchair":"Accessibility not listed"},"geometry":{"type":"Point","coordinates":[-6.990985,52.994921]}},{"type":"Feature","id":"8260LL10148","properties":{"stop_id":"8260LL10148","stop_name":"Athy H Cntr","mode":"Bus","modes":"Bus","routes":"883","route_count":1,"wheelchair":"Not listed as accessible"},"geometry":{"type":"Point","coordinates":[-6.990577,52.994713]}},{"type":"Feature","id":"8260LL11278","properties":{"stop_id":"8260LL11278","stop_name":"Athy Stn","mode":"Bus","modes":"Bus","routes":"888 · 897","route_count":2,"wheelchair":"Not listed as accessible"},"geometry":{"type":"Point","coordinates":[-6.97712,52.99234]}},{"type":"Feature","id":"826000003","properties":{"stop_id":"826000003","stop_name":"Athy West","mode":"Bus","modes":"Bus","routes":"IW02 · IW06","route_count":2,"wheelchair":"Not listed as accessible"},"geometry":{"type":"Point","coordinates":[-6.989614,52.991263]}},{"type":"Feature","id":"826000004","properties":{"stop_id":"826000004","stop_name":"Athy West","mode":"Bus","modes":"Bus","routes":"IW02 · IW06","route_count":2,"wheelchair":"Not listed as accessible"},"geometry":{"type":"Point","coordinates":[-6.989498,52.991127]}},{"type":"Feature","id":"826000149","properties":{"stop_id":"826000149","stop_name":"Athy West","mode":"Bus","modes":"Bus","routes":"883","route_count":1,"wheelchair":"Not listed as accessible"},"geometry":{"type":"Point","coordinates":[-6.98958,52.99208]}},{"type":"Feature","id":"8260LL10112","properties":{"stop_id":"8260LL10112","stop_name":"Athy West","mode":"Bus","modes":"Bus","routes":"883","route_count":1,"wheelchair":"Not listed as accessible"},"geometry":{"type":"Point","coordinates":[-6.989333,52.991991]}},{"type":"Feature","id":"847000028","properties":{"stop_id":"847000028","stop_name":"Atlantaquaria","mode":"Bus","modes":"Bus","routes":"525","route_count":1,"wheelchair":"Not listed as accessible"},"geometry":{"type":"Point","coordinates":[-9.074385,53.259443]}},{"type":"Feature","id":"847000029","properties":{"stop_id":"847000029","stop_name":"Atlantaquaria","mode":"Bus","modes":"Bus","routes":"525","route_count":1,"wheelchair":"Accessible boarding listed"},"geometry":{"type":"Point","coordinates":[-9.074324,53.259407]}},{"type":"Feature","id":"849000442","properties":{"stop_id":"849000442","stop_name":"Attavally","mode":"Bus","modes":"Bus","routes":"497","route_count":1,"wheelchair":"Not listed as accessible"},"geometry":{"type":"Point","coordinates":[-9.761267,54.154137]}},{"type":"Feature","id":"8490B542411","properties":{"stop_id":"8490B542411","stop_name":"Attymass","mode":"Bus","modes":"Bus","routes":"451","route_count":1,"wheelchair":"Accessibility not listed"},"geometry":{"type":"Point","coordinates":[-9.081413,54.051425]}},{"type":"Feature","id":"8490B5424201","properties":{"stop_id":"8490B5424201","stop_name":"Attymass","mode":"Bus","modes":"Bus","routes":"451","route_count":1,"wheelchair":"Not listed as accessible"},"geometry":{"type":"Point","coordinates":[-9.081413,54.051425]}},{"type":"Feature","id":"8470IR0047","properties":{"stop_id":"8470IR0047","stop_name":"Attymon","mode":"Rail","modes":"Rail","routes":"rail","route_count":1,"wheelchair":"Accessibility not listed"},"geometry":{"type":"Point","coordinates":[-8.606078,53.321204]}},{"type":"Feature","id":"8530LLL10789","properties":{"stop_id":"8530LLL10789","stop_name":"ATU Ballyraine","mode":"Bus","modes":"Bus","routes":"989","route_count":1,"wheelchair":"Not listed as accessible"},"geometry":{"type":"Point","coordinates":[-7.72115212621755,54.9535414058118]}},{"type":"Feature","id":"8460B5228101","properties":{"stop_id":"8460B5228101","stop_name":"ATU Galway","mode":"Bus","modes":"Bus","routes":"51 · 64 · 251 · 350 · 351 · 402 · 404 · 409 · 419 · 430 · 434 · 439 · 763 · 844 · 920 · GM13","route_count":16,"wheelchair":"Accessible boarding listed"},"geometry":{"type":"Point","coordinates":[-9.00992,53.27718]}},{"type":"Feature","id":"8460B5228401","properties":{"stop_id":"8460B5228401","stop_name":"ATU Galway","mode":"Bus","modes":"Bus","routes":"51 · 64 · 350 · 351 · 402 · 404 · 409 · 430 · 434 · 660 · 760 · 761 · 763 · 844 · 920 · 763X","route_count":18,"wheelchair":"Accessible boarding listed"},"geometry":{"type":"Point","coordinates":[-9.01056191792701,53.2771129458502]}},{"type":"Feature","id":"8460PB003677","properties":{"stop_id":"8460PB003677","stop_name":"ATU Galway","mode":"Bus","modes":"Bus","routes":"964 · NG01","route_count":2,"wheelchair":"Accessible boarding listed"},"geometry":{"type":"Point","coordinates":[-9.009145,53.279345]}},{"type":"Feature","id":"8460PB003679","properties":{"stop_id":"8460PB003679","stop_name":"ATU Galway","mode":"Bus","modes":"Bus","routes":"427 · 435 · NG01","route_count":3,"wheelchair":"Accessible boarding listed"},"geometry":{"type":"Point","coordinates":[-9.009056,53.279364]}},{"type":"Feature","id":"847000037","properties":{"stop_id":"847000037","stop_name":"ATU Galway","mode":"Bus","modes":"Bus","routes":"809 · NG05","route_count":2,"wheelchair":"Accessible boarding listed"},"geometry":{"type":"Point","coordinates":[-9.007978,53.279463]}},{"type":"Feature","id":"847000043","properties":{"stop_id":"847000043","stop_name":"ATU Galway","mode":"Bus","modes":"Bus","routes":"NG05","route_count":1,"wheelchair":"Accessible boarding listed"},"geometry":{"type":"Point","coordinates":[-9.007908,53.279661]}},{"type":"Feature","id":"847000077","properties":{"stop_id":"847000077","stop_name":"ATU Galway","mode":"Bus","modes":"Bus","routes":"964","route_count":1,"wheelchair":"Not listed as accessible"},"geometry":{"type":"Point","coordinates":[-9.012418,53.278886]}},{"type":"Feature","id":"8530B141771","properties":{"stop_id":"8530B141771","stop_name":"ATU Killybegs","mode":"Bus","modes":"Bus","routes":"490","route_count":1,"wheelchair":"Not listed as accessible"},"geometry":{"type":"Point","coordinates":[-8.444453,54.631778]}},{"type":"Feature","id":"8530B1559601","properties":{"stop_id":"8530B1559601","stop_name":"ATU Letterkenny","mode":"Bus","modes":"Bus","routes":"32 · 64 · 264 · 480 · 953 · 959 · 987 · 988","route_count":8,"wheelchair":"Accessible boarding listed"},"geometry":{"type":"Point","coordinates":[-7.72142,54.950847]}},{"type":"Feature","id":"8530B158221","properties":{"stop_id":"8530B158221","stop_name":"ATU Letterkenny","mode":"Bus","modes":"Bus","routes":"32 · 64 · 264 · 290 · 480 · 953 · 959 · 987","route_count":8,"wheelchair":"Accessible boarding listed"},"geometry":{"type":"Point","coordinates":[-7.720921,54.950899]}},{"type":"Feature","id":"8510LL10930","properties":{"stop_id":"8510LL10930","stop_name":"ATU Saint Angela's","mode":"Bus","modes":"Bus","routes":"563 · 572 · 977 · 981","route_count":4,"wheelchair":"Accessible boarding listed"},"geometry":{"type":"Point","coordinates":[-8.38527,54.25915]}},{"type":"Feature","id":"851000035","properties":{"stop_id":"851000035","stop_name":"ATU Sligo","mode":"Bus","modes":"Bus","routes":"964","route_count":1,"wheelchair":"Not listed as accessible"},"geometry":{"type":"Point","coordinates":[-8.46301486144885,54.2785031067249]}},{"type":"Feature","id":"8510B524881","properties":{"stop_id":"8510B524881","stop_name":"ATU Sligo","mode":"Bus","modes":"Bus","routes":"S1 · S2 · 458 · 563 · 572 · 977 · 981 · 982","route_count":8,"wheelchair":"Accessible boarding listed"},"geometry":{"type":"Point","coordinates":[-8.45915140203214,54.2776642448087]}},{"type":"Feature","id":"8510B524901","properties":{"stop_id":"8510B524901","stop_name":"ATU Sligo","mode":"Bus","modes":"Bus","routes":"S1 · S2 · 458 · 563 · 566 · 572 · 977 · 981 · 982","route_count":9,"wheelchair":"Accessible boarding listed"},"geometry":{"type":"Point","coordinates":[-8.458857,54.277423]}},{"type":"Feature","id":"8510LL10752","properties":{"stop_id":"8510LL10752","stop_name":"ATU Sligo","mode":"Bus","modes":"Bus","routes":"449","route_count":1,"wheelchair":"Not listed as accessible"},"geometry":{"type":"Point","coordinates":[-8.45822466988967,54.2771735608843]}},{"type":"Feature","id":"8460B5232701","properties":{"stop_id":"8460B5232701","stop_name":"ATU Wellpark","mode":"Bus","modes":"Bus","routes":"401 · 427 · 425A","route_count":3,"wheelchair":"Accessible boarding listed"},"geometry":{"type":"Point","coordinates":[-9.027864,53.283912]}},{"type":"Feature","id":"8460B5236501","properties":{"stop_id":"8460B5236501","stop_name":"ATU Wellpark","mode":"Bus","modes":"Bus","routes":"401 · 425A","route_count":2,"wheelchair":"Accessible boarding listed"},"geometry":{"type":"Point","coordinates":[-9.026345,53.284393]}},{"type":"Feature","id":"8240DB002961","properties":{"stop_id":"8240DB002961","stop_name":"Auburn Avenue","mode":"Bus","modes":"Bus","routes":"38 · 70n","route_count":2,"wheelchair":"Accessible boarding listed"},"geometry":{"type":"Point","coordinates":[-6.358511,53.378833]}},{"type":"Feature","id":"8240DB004899","properties":{"stop_id":"8240DB004899","stop_name":"Auburn Avenue","mode":"Bus","modes":"Bus","routes":"38","route_count":1,"wheelchair":"Accessible boarding listed"},"geometry":{"type":"Point","coordinates":[-6.358549,53.372389]}},{"type":"Feature","id":"8250DB003215","properties":{"stop_id":"8250DB003215","stop_name":"Auburn Drive","mode":"Bus","modes":"Bus","routes":"7 · 7A · 7B · 7n · 111 · 45A · 45B","route_count":7,"wheelchair":"Accessible boarding listed"},"geometry":{"type":"Point","coordinates":[-6.137562,53.262031]}},{"type":"Feature","id":"8250DB003227","properties":{"stop_id":"8250DB003227","stop_name":"Auburn Drive","mode":"Bus","modes":"Bus","routes":"7 · 7A · 7B · 7E · 111 · 45A · 45B","route_count":7,"wheelchair":"Accessible boarding listed"},"geometry":{"type":"Point","coordinates":[-6.137805,53.261954]}},{"type":"Feature","id":"8240DB004746","properties":{"stop_id":"8240DB004746","stop_name":"Auburn Green","mode":"Bus","modes":"Bus","routes":"38","route_count":1,"wheelchair":"Accessible boarding listed"},"geometry":{"type":"Point","coordinates":[-6.358651,53.379509]}},{"type":"Feature","id":"8240DB003579","properties":{"stop_id":"8240DB003579","stop_name":"Auburn House","mode":"Bus","modes":"Bus","routes":"42 · 42n · 102C","route_count":3,"wheelchair":"Accessible boarding listed"},"geometry":{"type":"Point","coordinates":[-6.176378,53.44067]}},{"type":"Feature","id":"8240DB003645","properties":{"stop_id":"8240DB003645","stop_name":"Auburn House","mode":"Bus","modes":"Bus","routes":"42 · 102C","route_count":2,"wheelchair":"Not listed as accessible"},"geometry":{"type":"Point","coordinates":[-6.176308,53.440534]}},{"type":"Feature","id":"8390B6365501","properties":{"stop_id":"8390B6365501","stop_name":"Aughacasla","mode":"Bus","modes":"Bus","routes":"273","route_count":1,"wheelchair":"Accessible boarding listed"},"geometry":{"type":"Point","coordinates":[-9.977821,52.235492]}},{"type":"Feature","id":"8260CO11294","properties":{"stop_id":"8260CO11294","stop_name":"Aughamore","mode":"Bus","modes":"Bus","routes":"139","route_count":1,"wheelchair":"Not listed as accessible"},"geometry":{"type":"Point","coordinates":[-6.691421,53.30207]}},{"type":"Feature","id":"8220DB001387","properties":{"stop_id":"8220DB001387","stop_name":"Aughavannagh Rd","mode":"Bus","modes":"Bus","routes":"150","route_count":1,"wheelchair":"Accessible boarding listed"},"geometry":{"type":"Point","coordinates":[-6.28673,53.32804]}},{"type":"Feature","id":"8220DB001404","properties":{"stop_id":"8220DB001404","stop_name":"Aughavannagh Rd","mode":"Bus","modes":"Bus","routes":"150","route_count":1,"wheelchair":"Accessible boarding listed"},"geometry":{"type":"Point","coordinates":[-6.28668,53.328201]}},{"type":"Feature","id":"8290B561031","properties":{"stop_id":"8290B561031","stop_name":"Aughnacliffe","mode":"Bus","modes":"Bus","routes":"865","route_count":1,"wheelchair":"Not listed as accessible"},"geometry":{"type":"Point","coordinates":[-7.60396782164567,53.8510214036518]}},{"type":"Feature","id":"8290B561091","properties":{"stop_id":"8290B561091","stop_name":"Aughnacliffe","mode":"Bus","modes":"Bus","routes":"865","route_co